0.0000000000000000e+000;1.5000000000000002e+000;0.0000000000000000e+000;1.5000000000000002e+000
1.0000000000000007e-001;1.1008683717787637e+000;3.2946218478863948e-002;1.0230112266869154e+000
2.0000000000000015e-001;1.0129649028269700e+000;2.3350650945700424e-001;9.6468176852209919e-001
3.0000000000000021e-001;1.0151691068007564e+000;7.0274684824590694e-001;9.6755730919739968e-001
4.0000000000000030e-001;1.0278113215225155e+000;1.4974464849695046e+000;9.8173718375864416e-001
5.0000000000000033e-001;1.0477455049450943e+000;2.6410768573811088e+000;1.0044949935109833e+000
6.0000000000000042e-001;1.0736285960197749e+000;4.1364932401863701e+000;1.0348141676384330e+000
7.0000000000000051e-001;1.1041929119684479e+000;5.9738038039739640e+000;1.0718869150232135e+000
8.0000000000000060e-001;1.1395619059921009e+000;8.1359634584047313e+000;1.1143403757067831e+000
9.0000000000000069e-001;1.1828856765247033e+000;1.0602491401057119e+001;1.1629527672240272e+000
1.0000000000000007e+000;1.2333845207395639e+000;1.3351554572799182e+001;1.2169209181318015e+000
1.0999999999999897e+000;1.2883663107789070e+000;1.6203111533773232e+001;1.2729441116736191e+000
1.1999999999999786e+000;1.3422912385767818e+000;1.8974501854820069e+001;1.3261189248228027e+000
1.2999999999999676e+000;1.3931167062314278e+000;2.1647251947381495e+001;1.3750736601416118e+000
1.3999999999999566e+000;1.4399619120826608e+000;2.4210434103428593e+001;1.4192434543638226e+000
1.4999999999999456e+000;1.4815868703364776e+000;2.6658545897907544e+001;1.4579003889093687e+000
1.5999999999999346e+000;1.5238414995915481e+000;2.8989546242041083e+001;1.4984606746389875e+000
1.6999999999999236e+000;1.5680056330517547e+000;3.1204358413213150e+001;1.5414160160917478e+000
1.7999999999999126e+000;1.6139631392315292e+000;3.3305706720672340e+001;1.5865093927417895e+000
1.8999999999999015e+000;1.6614269551741749e+000;3.5297469962226785e+001;1.6332793802563017e+000
1.9999999999998905e+000;1.7099205529131558e+000;3.7184225529227803e+001;1.6812467710973948e+000
2.0999999999998797e+000;1.7696565703426410e+000;3.8971068435888441e+001;1.7434151974541849e+000
2.1999999999998687e+000;1.8404297790701662e+000;4.0662852634150561e+001;1.8142441432524203e+000
2.2999999999998577e+000;1.9116149992143094e+000;4.2264737189255150e+001;1.8850729281361718e+000
2.3999999999998467e+000;1.9823753939113773e+000;4.3781666835141607e+001;1.9558807173373898e+000
2.4999999999998357e+000;2.0526760769442824e+000;4.5218448156578013e+001;2.0260371708302491e+000
2.5999999999998247e+000;2.1214057532460520e+000;4.6579659504489904e+001;2.0945505718370847e+000
2.6999999999998137e+000;2.1881616230498269e+000;4.7869629109986576e+001;2.1610762594359971e+000
2.7999999999998026e+000;2.2527876150885908e+000;4.9092432835524541e+001;2.2254760154625512e+000
2.8999999999997916e+000;2.3146021649554172e+000;5.0251861313527158e+001;2.2869382419719391e+000
2.9999999999997806e+000;2.3738169919471774e+000;5.1351576578919236e+001;2.3460380079721803e+000
3.0999999999997696e+000;2.4313594826118776e+000;5.2394903380969396e+001;2.4033731646504908e+000
3.1999999999997586e+000;2.4869048680250843e+000;5.3384990960363716e+001;2.4586809449191791e+000
3.2999999999997476e+000;2.5403813763082272e+000;5.4324782890269653e+001;2.5119113144445651e+000
3.3999999999997366e+000;2.5918011056790475e+000;5.5217033452926927e+001;2.5630872062298136e+000
3.4999999999997256e+000;2.6412125035283829e+000;5.6064320978305226e+001;2.6122560843708547e+000
3.5999999999997145e+000;2.6886421923103065e+000;5.6869062006281695e+001;2.6594460352720435e+000
3.6999999999997035e+000;2.7341353181204382e+000;5.7633523235849111e+001;2.7047047371158337e+000
3.7999999999996925e+000;2.7777460491251023e+000;5.8359832582198507e+001;2.7480873022233210e+000
3.8999999999996815e+000;2.8195316346528809e+000;5.9049989674591565e+001;2.7896514160570889e+000
3.9999999999996705e+000;2.8595505353859383e+000;5.9705875444274412e+001;2.8294557719444509e+000
4.0999999999997039e+000;2.8978616067344327e+000;6.0329260878299991e+001;2.8675593461048425e+000
4.1999999999997373e+000;2.9345236069195679e+000;6.0921814999782868e+001;2.9040209436777209e+000
4.2999999999997707e+000;2.9695965799649393e+000;6.1485112330545171e+001;2.9389023326872192e+000
4.3999999999998041e+000;3.0032032733637051e+000;6.2020639072652884e+001;2.9723176907810682e+000
4.4999999999998375e+000;3.0354543081056695e+000;6.2529798694804107e+001;3.0043877040322600e+000
4.5999999999998709e+000;3.0663888586673282e+000;6.3013922842791452e+001;3.0351897856465677e+000
4.6999999999999043e+000;3.0962441391644173e+000;6.3474264891052769e+001;3.0649315099008536e+000
4.7999999999999376e+000;3.1251049909167326e+000;6.3912012751048181e+001;3.0936850348293539e+000
4.8999999999999710e+000;3.1530095514090077e+000;6.4328292409065355e+001;3.1214857632511257e+000
5.0000000000000044e+000;3.1799863119518226e+000;6.4724171108582610e+001;3.1483618227982868e+000
5.1000000000000378e+000;3.2060711278279292e+000;6.5100661069954441e+001;3.1743512338529150e+000
5.2000000000000712e+000;3.2313039359176567e+000;6.5458721815312458e+001;3.1994922035422579e+000
5.3000000000001046e+000;3.2557130871602191e+000;6.5799263723590940e+001;3.2238122347104476e+000
5.4000000000001380e+000;3.2793236346642018e+000;6.6123150860843978e+001;3.2473362031321513e+000
5.5000000000001714e+000;3.3021595331306108e+000;6.6431203519971959e+001;3.2700879988406659e+000
5.6000000000002048e+000;3.3242440327751606e+000;6.6724200622635649e+001;3.2920908264180495e+000
5.7000000000002382e+000;3.3455974029414532e+000;6.7002882031845473e+001;3.3133664504787834e+000
5.8000000000002716e+000;3.3661731977127691e+000;6.7267952378682239e+001;3.3338939453657583e+000
5.9000000000003050e+000;3.3860357352069710e+000;6.7520078132735506e+001;3.3537172397994364e+000
6.0000000000003384e+000;3.4052322839057507e+000;6.7759893116062003e+001;3.3728763817785503e+000
6.1000000000003718e+000;3.4237873282760880e+000;6.7988000247150183e+001;3.3913948869017729e+000
6.2000000000004052e+000;3.4417213081820477e+000;6.8204972663524941e+001;3.4092930188810326e+000
6.3000000000004386e+000;3.4590533734407449e+000;6.8411355192325630e+001;3.4265898956298488e+000
6.4000000000004720e+000;3.4758019387150454e+000;6.8607665784604549e+001;3.4433039320571472e+000
6.5000000000005054e+000;3.4919848292686728e+000;6.8794396876629094e+001;3.4594529608407272e+000
6.6000000000005388e+000;3.5076193312420245e+000;6.8972016677479346e+001;3.4750542766395296e+000
6.7000000000005722e+000;3.5227222179914488e+000;6.9140970386770931e+001;3.4901246609643408e+000
6.8000000000006056e+000;3.5373097702322704e+000;6.9301681346871064e+001;3.5046804020174327e+000
6.9000000000006390e+000;3.5513977944869208e+000;6.9454552133780908e+001;3.5187373131283319e+000
7.0000000000006724e+000;3.5650016409223220e+000;6.9599965590536414e+001;3.5323107506404403e+000
7.1000000000007057e+000;3.5781362207630552e+000;6.9738285806658070e+001;3.5454156313748975e+000
7.2000000000007391e+000;3.5908160232379993e+000;6.9869859046887441e+001;3.5580664496148464e+000
7.3000000000007725e+000;3.6030551319705872e+000;6.9995014632191172e+001;3.5702772935182781e+000
7.4000000000008059e+000;3.6148672407248470e+000;7.0114065775778485e+001;3.5820618608730173e+000
7.5000000000008393e+000;3.6262656684344643e+000;7.0227310376674680e+001;3.5934334741233585e+000
7.6000000000008727e+000;3.6372633734598461e+000;7.0335031773210062e+001;3.6044050946157324e+000
7.7000000000009061e+000;3.6478729670355698e+000;7.0437499458617651e+001;3.6149893360280463e+000
7.8000000000009395e+000;3.6581067258867210e+000;7.0534969760785330e+001;3.6251984769633001e+000
7.9000000000009729e+000;3.6679766040072272e+000;7.0627686488075298e+001;3.6350444727024747e+000
8.0000000000010054e+000;3.6774942436062457e+000;7.0715881543001018e+001;3.6445389661244261e+000
8.1000000000009500e+000;3.6866709852399651e+000;7.0799775505440167e+001;3.6536932978116052e+000
8.2000000000008946e+000;3.6955178771558814e+000;7.0879578186964423e+001;3.6625185153699151e+000
8.3000000000008392e+000;3.7040456838847211e+000;7.0955489157769108e+001;3.6710253819989025e+000
8.4000000000007837e+000;3.7122648941216809e+000;7.1027698247602942e+001;3.6792243843548125e+000
8.5000000000007283e+000;3.7201857279438850e+000;7.1096386022019502e+001;3.6871257397540482e+000
8.6000000000006729e+000;3.7278181434146016e+000;7.1161724235194640e+001;3.6947394027680347e+000
8.7000000000006175e+000;3.7351718426273313e+000;7.1223876260491153e+001;3.7020750712629389e+000
8.8000000000005620e+000;3.7422562772442065e+000;7.1282997499883336e+001;3.7091421919388030e+000
8.9000000000005066e+000;3.7490806535834031e+000;7.1339235773297986e+001;3.7159499654228565e+000
9.0000000000004512e+000;3.7556539373096878e+000;7.1392731688870910e+001;3.7225073509710116e+000
9.1000000000003958e+000;3.7619848577808552e+000;7.1443618995066174e+001;3.7288230708301127e+000
9.2000000000003403e+000;3.7680819121006617e+000;7.1492024915557337e+001;3.7349056143112827e+000
9.3000000000002849e+000;3.7739533689262892e+000;7.1538070467720999e+001;3.7407632416220369e+000
9.4000000000002295e+000;3.7796072720752996e+000;7.1581870765552566e+001;3.7464039875017434e+000
9.5000000000001741e+000;3.7850514439736282e+000;7.1623535307771604e+001;3.7518356647015407e+000
9.6000000000001187e+000;3.7902934889825519e+000;7.1663168251844212e+001;3.7570658673461939e+000
9.7000000000000632e+000;3.7953407966388473e+000;7.1700868674616871e+001;3.7621019742116255e+000
9.8000000000000078e+000;3.8002005448384280e+000;7.1736730820216238e+001;3.7669511519479357e+000
9.8999999999999524e+000;3.8048797029900538e+000;7.1770844335841474e+001;3.7716203582740433e+000
9.9999999999998970e+000;3.8093850351618803e+000;7.1803294496042255e+001;3.7761163451662592e+000
1.0099999999999842e+001;3.8154035019208519e+000;7.1834031878947187e+001;3.7831076168647901e+000
1.0199999999999786e+001;3.8389463510815336e+000;7.1862315199808066e+001;3.8109888916327850e+000
1.0299999999999731e+001;3.9004717183539315e+000;7.1887446978882238e+001;3.8794923684470941e+000
1.0399999999999675e+001;4.0149845886831104e+000;7.1908965634227698e+001;4.0032162790056294e+000
1.0499999999999620e+001;4.1985238718051336e+000;7.1926325666980361e+001;4.1987355852438499e+000
1.0599999999999564e+001;4.4725949403696514e+000;7.1938837079957906e+001;4.4873807469893947e+000
1.0699999999999509e+001;4.8461485467935965e+000;7.1946575343714542e+001;4.8747341692798196e+000
1.0799999999999454e+001;5.3164379570432594e+000;7.1949914356867239e+001;5.3575349443173002e+000
1.0899999999999398e+001;5.8851897187787685e+000;7.1949025818749931e+001;5.9370238833455149e+000
1.0999999999999343e+001;6.5601279938742882e+000;7.1943977586025170e+001;6.6177450747352839e+000
1.1099999999999287e+001;7.3480941481644582e+000;7.1934751024705704e+001;7.4082109280221662e+000
1.1199999999999232e+001;8.2513582922720037e+000;7.1921306978843504e+001;8.3191824540564596e+000
1.1299999999999176e+001;9.2804620414096597e+000;7.1903758888490927e+001;9.3576438979887335e+000
1.1399999999999121e+001;1.0443328409228823e+001;7.1882019181676242e+001;1.0538675303059881e+001
1.1499999999999066e+001;1.1753031952251535e+001;7.1856591222851947e+001;1.1859834570977782e+001
1.1599999999999010e+001;1.3194697240368676e+001;7.1824654428903173e+001;1.3434804486019802e+001
1.1699999999998955e+001;1.4809433315302444e+001;7.1792427062014241e+001;1.5065814066922952e+001
1.1799999999998899e+001;1.6593811479547590e+001;7.1757072938086054e+001;1.6864499700110922e+001
1.1899999999998844e+001;1.8552667956230618e+001;7.1718968122054562e+001;1.8834203460247238e+001
1.1999999999998789e+001;2.0689171327831485e+001;7.1678481572139688e+001;2.0977594363981826e+001
1.2099999999998733e+001;2.3004857238731720e+001;7.1635976303635090e+001;2.3296385409260669e+001
1.2199999999998678e+001;2.5497851400817527e+001;7.1591732817463978e+001;2.5794482231591662e+001
1.2299999999998622e+001;2.8166803946417271e+001;7.1546120368452065e+001;2.8470133367152030e+001
1.2399999999998567e+001;3.1008217734789696e+001;7.1499469595277759e+001;3.1320881750626647e+001
1.2499999999998511e+001;3.4017902180205830e+001;7.1452084549877554e+001;3.4342983965247349e+001
1.2599999999998456e+001;3.7191232171451688e+001;7.1404237421581115e+001;3.7531528225746733e+001
1.2699999999998401e+001;4.0524762551475625e+001;7.1356119385212807e+001;4.0883421757157343e+001
1.2799999999998345e+001;4.4006334432136470e+001;7.1308055708228579e+001;4.4384817160498542e+001
1.2899999999998290e+001;4.7630664541670861e+001;7.1260178297102470e+001;4.8030506525175184e+001
1.2999999999998234e+001;5.1389260063487704e+001;7.1212646812672077e+001;5.1811027721451993e+001
1.3099999999998179e+001;5.5271152567698380e+001;7.1165633350902297e+001;5.5713315767416560e+001
1.3199999999998123e+001;5.9275265836930735e+001;7.1119902142480029e+001;5.9675586880954377e+001
1.3299999999998068e+001;6.3380346497925338e+001;7.1073948951518204e+001;6.3808668817784984e+001
1.3399999999998013e+001;6.7580288434800579e+001;7.1028705032549539e+001;6.8038076346984184e+001
1.3499999999997957e+001;7.1864806320118447e+001;7.0984234672305334e+001;7.2352228467964849e+001
1.3599999999997902e+001;7.6223134509306959e+001;7.0940580909189094e+001;7.6740235617703135e+001
1.3699999999997846e+001;8.0644407357796197e+001;7.0897778385390893e+001;8.1191120867447950e+001
1.3799999999997791e+001;8.5117718747318193e+001;7.0855855230549224e+001;8.5693880481095391e+001
1.3899999999997736e+001;8.9632173631381349e+001;7.0814834429265773e+001;9.0237535882351310e+001
1.3999999999997680e+001;9.4176931737495551e+001;7.0774734931906366e+001;9.4811177309427478e+001
1.4099999999997625e+001;9.8741244440505142e+001;7.0735572620640426e+001;9.9404000265051010e+001
1.4199999999997569e+001;1.0331448582152757e+002;7.0697361089224557e+001;1.0400533585382695e+002
1.4299999999997514e+001;1.0788617882514424e+002;7.0660112254856784e+001;1.0860467599616055e+002
1.4399999999997458e+001;1.1244601744911449e+002;7.0623836828419769e+001;1.1319169451824470e+002
1.4499999999997403e+001;1.1698388592269264e+002;7.0588544666675958e+001;1.1775626512712527e+002
1.4599999999997348e+001;1.2148987585974601e+002;7.0554245054276379e+001;1.2228847729659195e+002
1.4699999999997292e+001;1.2595430274417789e+002;7.0520946993120972e+001;1.2677865143000544e+002
1.4799999999997237e+001;1.3036772229620865e+002;7.0488659115027886e+001;1.3121735393293258e+002
1.4899999999997181e+001;1.3472094717469432e+002;7.0457389746229737e+001;1.3559541262249377e+002
1.4999999999997126e+001;1.3900506569748561e+002;7.0427146924183205e+001;1.3990393415560126e+002
1.5099999999997070e+001;1.4321146335216073e+002;7.0397938342550461e+001;1.4413432427197532e+002
1.5199999999997015e+001;1.4733184791036433e+002;7.0369771250778697e+001;1.4827831166496378e+002
1.5299999999996960e+001;1.5135827890610392e+002;7.0342652312274751e+001;1.5232797624426522e+002
1.5399999999996904e+001;1.5528320209696182e+002;7.0316587423092614e+001;1.5627578241623294e+002
1.5499999999996849e+001;1.5909948931717869e+002;7.0291581492989309e+001;1.6011461780228800e+002
1.5599999999996793e+001;1.6280048384127014e+002;7.0267638191380428e+001;1.6383783753257970e+002
1.5699999999996738e+001;1.6638005099569722e+002;7.0244759662067324e+001;1.6743931387944315e+002
1.5799999999996682e+001;1.6983263328100352e+002;7.0222946212570733e+001;1.7091349052951037e+002
1.5899999999996627e+001;1.7315330870719478e+002;7.0202195986422439e+001;1.7425544024265997e+002
1.5999999999996572e+001;1.7633785042803237e+002;7.0182504629667179e+001;1.7746092403560203e+002
1.6099999999996694e+001;1.7938278513393408e+002;7.0163864965812039e+001;1.8052644940416110e+002
1.6199999999996816e+001;1.8228544709924915e+002;7.0146266696157326e+001;1.8344932452987632e+002
1.6299999999996938e+001;1.8504402436660803e+002;7.0129696144345942e+001;1.8622770499032907e+002
1.6399999999997060e+001;1.8765759338444465e+002;7.0114136064569877e+001;1.8886062930351591e+002
1.6499999999997183e+001;1.9012613857823530e+002;7.0099565531718000e+001;1.9134803977023228e+002
1.6599999999997305e+001;1.9245055388326094e+002;7.0085959928572478e+001;1.9369078558982065e+002
1.6699999999997427e+001;1.9463262419531887e+002;7.0073291039987723e+001;1.9589060611747129e+002
1.6799999999997549e+001;1.9667498593885847e+002;7.0061527257190249e+001;1.9795009334495705e+002
1.6899999999997672e+001;1.9858106737945187e+002;7.0050633887646967e+001;1.9987263409715385e+002
1.6999999999997794e+001;2.0035501074518126e+002;7.0040573558300082e+001;2.0166233387383068e+002
1.7099999999997916e+001;2.0200157948393644e+002;7.0031306693369487e+001;2.0332392554532478e+002
1.7199999999998038e+001;2.0352605491146156e+002;7.0022792043212661e+001;2.0486266706982889e+002
1.7299999999998160e+001;2.0493412699687198e+002;7.0014987238432496e+001;2.0628423293211944e+002
1.7399999999998283e+001;2.0623178406136060e+002;7.0007849343636408e+001;2.0759460407477249e+002
1.7499999999998405e+001;2.0742520577747521e+002;7.0001335387698262e+001;2.0879996074220986e+002
1.7599999999998527e+001;2.0852066315061239e+002;6.9995402851474452e+001;2.0990658198043235e+002
1.7699999999998649e+001;2.0889520209287056e+002;5.8040033032878654e+001;2.0997474039296603e+002
1.7799999999998771e+001;2.0773272978866299e+002;4.7280409372512715e+001;2.0854493534624817e+002
1.7899999999998894e+001;2.0546571690472615e+002;3.8995201526183294e+001;2.0609140886061581e+002
1.7999999999999016e+001;2.0249990681440408e+002;3.3010019765124483e+001;2.0300086978643381e+002
1.8099999999999138e+001;1.9915643867280977e+002;2.9065317944279332e+001;1.9969034532182249e+002
1.8199999999999260e+001;1.9571315136059695e+002;2.6880576143852906e+001;1.9621052656283030e+002
1.8299999999999383e+001;1.9236188485295099e+002;2.6181070407971230e+001;1.9284287085246513e+002
1.8399999999999505e+001;1.8925139113438209e+002;2.6690822454207755e+001;1.8972795367464198e+002
1.8499999999999627e+001;1.8648637030393706e+002;2.8149003116659138e+001;1.8696850172914722e+002
1.8599999999999749e+001;1.8413541874397495e+002;3.0315153805344188e+001;1.8463384481373603e+002
1.8699999999999871e+001;1.8223780141263688e+002;3.2972926142952943e+001;1.8276326212449086e+002
1.8799999999999994e+001;1.8080878509874964e+002;3.5932530088239979e+001;1.8137005916199746e+002
1.8900000000000116e+001;1.7984404651378469e+002;3.9031902443380687e+001;1.8044567748642416e+002
1.9000000000000238e+001;1.7932535802962948e+002;4.2137425130499068e+001;1.7993380004727101e+002
1.9100000000000360e+001;1.7921931665304174e+002;4.5147829668018566e+001;1.7984150824968381e+002
1.9200000000000482e+001;1.7947874589250657e+002;4.7968910181848827e+001;1.8015791284409602e+002
1.9300000000000605e+001;1.8005959401925406e+002;5.0540100204064011e+001;1.8079449525820496e+002
1.9400000000000727e+001;1.8090985681515988e+002;5.2821392250199402e+001;1.8169767202694067e+002
1.9500000000000849e+001;1.8197630862633937e+002;5.4790867228221600e+001;1.8281294426716005e+002
1.9600000000000971e+001;1.8320650287804381e+002;5.6442071393076382e+001;1.8408693557205007e+002
1.9700000000001094e+001;1.8455045780560846e+002;5.7781365504635183e+001;1.8546908442365051e+002
1.9800000000001216e+001;1.8596202148936649e+002;5.8825320729439120e+001;1.8691298980013750e+002
1.9900000000001338e+001;1.8739991347666020e+002;5.9598226361793039e+001;1.8837741382568976e+002
2.0000000000001460e+001;1.8882844592096777e+002;6.0129765174019120e+001;1.8982695150982269e+002
2.0100000000001582e+001;1.9021793500194406e+002;6.0452902717705506e+001;1.9123238501154376e+002
2.0200000000001705e+001;1.9154482277813935e+002;6.0602026838397379e+001;1.9257074818258513e+002
2.0300000000001827e+001;1.9279153954178540e+002;6.0611362867983111e+001;1.9382513568796003e+002
2.0400000000001949e+001;1.9394614589993520e+002;6.0513678518966834e+001;1.9498429873462331e+002
2.0500000000002071e+001;1.9500180088451219e+002;6.0339280807365490e+001;1.9604207522683475e+002
2.0600000000002193e+001;1.9595610635309427e+002;6.0115295995796863e+001;1.9699670507096721e+002
2.0700000000002316e+001;1.9681037825011649e+002;5.9865213311328034e+001;1.9785008087744356e+002
2.0800000000002438e+001;1.9756889203344670e+002;5.9608664753541539e+001;1.9860698052154646e+002
2.0900000000002560e+001;1.9823814336116743e+002;5.9361407189669130e+001;1.9927432151795426e+002
2.1000000000002682e+001;1.9882615696312158e+002;5.9135469389989609e+001;1.9986046887378271e+002
2.1100000000002805e+001;1.9934186759261078e+002;5.8939425651099036e+001;2.0037461906549279e+002
2.1200000000002927e+001;1.9979458806662126e+002;5.8778758898246053e+001;2.0082627399489016e+002
2.1300000000003049e+001;2.0019357141805091e+002;5.8656279189492757e+001;2.0122481094287858e+002
2.1400000000003171e+001;2.0054766756636022e+002;5.8572567823295039e+001;2.0157914809386304e+002
2.1500000000003293e+001;2.0086506985370107e+002;5.8526422239925310e+001;2.0189750031725248e+002
2.1600000000003416e+001;2.0115314326645935e+002;5.8515282132225657e+001;2.0218721652556860e+002
2.1700000000003538e+001;2.0141832400120606e+002;5.8535622265709463e+001;2.0245468790699201e+002
2.1800000000003660e+001;2.0166607900143234e+002;5.8583302182547811e+001;2.0270531541286448e+002
2.1900000000003782e+001;2.0190091393024386e+002;5.8653867059937184e+001;2.0294352481140706e+002
2.2000000000003904e+001;2.0212641851296681e+002;5.8742797427208984e+001;2.0317281815903141e+002
2.2100000000004027e+001;2.0234533907472843e+002;5.8845708199685788e+001;2.0339585148612258e+002
2.2200000000004149e+001;2.0255966924414358e+002;5.8958499588678535e+001;2.0361452968130564e+002
2.2300000000004271e+001;2.0277075106710589e+002;5.9077463953534725e+001;2.0383011086187898e+002
2.2400000000004393e+001;2.0297938008038150e+002;5.9199353646894345e+001;2.0404331384662700e+002
2.2500000000004515e+001;2.0318590916697511e+002;5.9321415448462950e+001;2.0425442363593609e+002
2.2600000000004638e+001;2.0339034720922618e+002;5.9441397365842747e+001;2.0446339100918297e+002
2.2700000000004760e+001;2.0359244964241509e+002;5.9557533479286974e+001;2.0466992344251824e+002
2.2800000000004882e+001;2.0379179897412811e+002;5.9668512190091874e+001;2.0487356551473366e+002
2.2900000000005004e+001;2.0398787416417213e+002;5.9773432761410000e+001;2.0507376779677475e+002
2.3000000000005127e+001;2.0418010845425098e+002;5.9871754469027096e+001;2.0526994390993448e+002
2.3100000000005249e+001;2.0436793579857564e+002;5.9963242053423045e+001;2.0546151599210722e+002
2.3200000000005371e+001;2.0455082648252753e+002;6.0047910520677043e+001;2.0564794923777453e+002
2.3300000000005493e+001;2.0472831283579649e+002;6.0125971708500188e+001;2.0582877648568453e+002
2.3400000000005615e+001;2.0490000616066735e+002;6.0197784438037274e+001;2.0600361403074595e+002
2.3500000000005738e+001;2.0506560611847883e+002;6.0263809528925954e+001;2.0617216994723046e+002
2.3600000000005860e+001;2.0522490386179527e+002;6.0324570475697804e+001;2.0633424624357593e+002
2.3700000000005982e+001;2.0537778018088011e+002;6.0380620174263292e+001;2.0648973613967868e+002
2.3800000000006104e+001;2.0552419986472358e+002;6.0432513750103652e+001;2.0663861767994848e+002
2.3900000000006226e+001;2.0566420337248431e+002;6.0480787273579622e+001;2.0678094478309484e+002
2.4000000000006349e+001;2.0579789678288469e+002;6.0525941948482881e+001;2.0691683669481873e+002
2.4100000000006471e+001;2.0592544084752006e+002;6.0568433221601040e+001;2.0704646666297862e+002
2.4200000000006593e+001;2.0604703982819760e+002;6.0608664176336617e+001;2.0717005050528877e+002
2.4300000000006715e+001;2.0616293065560257e+002;6.0646982534258917e+001;2.0728783559435931e+002
2.4400000000006838e+001;2.0627337281234617e+002;6.0683680586586490e+001;2.0740009064929785e+002
2.4500000000006960e+001;2.0637863922176757e+002;6.0718997404898836e+001;2.0750709660095745e+002
2.4600000000007082e+001;2.0647900831726787e+002;6.0753122729247863e+001;2.0760913869159478e+002
2.4700000000007204e+001;2.0657475737672775e+002;6.0786201995414501e+001;2.0770649988029362e+002
2.4800000000007326e+001;2.0666615713299274e+002;6.0818342035339320e+001;2.0779945555314859e+002
2.4900000000007449e+001;2.0675346761393916e+002;6.0849617060699188e+001;2.0788826948118492e+002
2.5000000000007571e+001;2.0683693512314207e+002;6.0880074615131953e+001;2.0797319092808175e+002
2.5100000000007693e+001;2.0691679024311003e+002;6.0909741252578343e+001;2.0805445278231946e+002
2.5200000000007815e+001;2.0699324672564754e+002;6.0938627765323005e+001;2.0813227057252959e+002
2.5300000000007937e+001;2.0706650112625408e+002;6.0966733844067974e+001;2.0820684221863556e+002
2.5400000000008060e+001;2.0713673303970168e+002;6.0994052102890599e+001;2.0827834837292005e+002
2.5500000000008182e+001;2.0720410580023349e+002;6.1020571443932049e+001;2.0834695321260412e+002
2.5600000000008304e+001;2.0726876752055472e+002;6.1046279770247111e+001;2.0841280555722071e+002
2.5700000000008426e+001;2.0733085235746489e+002;6.1071166080898010e+001;2.0847604019853452e+002
2.5800000000008549e+001;2.0739048190736943e+002;6.1095222000781824e+001;2.0853677934676341e+002
2.5900000000008671e+001;2.0744776665093050e+002;6.1118442809702927e+001;2.0859513411333577e+002
2.6000000000008793e+001;2.0750280738197611e+002;6.1140828041768458e+001;2.0865120596659051e+002
2.6100000000008915e+001;2.0755569657081367e+002;6.1162381728251098e+001;2.0870508811203973e+002
2.6200000000009037e+001;2.0760651962585376e+002;6.1183112355558919e+001;2.0875686676265775e+002
2.6300000000009160e+001;2.0765535602963152e+002;6.1203032605753855e+001;2.0880662227684016e+002
2.6400000000009282e+001;2.0770228033576598e+002;6.1222158940954102e+001;2.0885443015206269e+002
2.6500000000009404e+001;2.0774736302205628e+002;6.1240511085632043e+001;2.0890036187081205e+002
2.6600000000009526e+001;2.0779067120182867e+002;6.1258111452869876e+001;2.0894448560212990e+002
2.6700000000009648e+001;2.0783226920091312e+002;6.1274984552537383e+001;2.0898686676720877e+002
2.6800000000009771e+001;2.0787221901139429e+002;6.1291156411486597e+001;2.0902756848107120e+002
2.6900000000009893e+001;2.0791058063573374e+002;6.1306654028499715e+001;2.0906665188464424e+002
2.7000000000010015e+001;2.0794741233618674e+002;6.1321504880078891e+001;2.0910417638270332e+002
2.7100000000010137e+001;2.0798277080484041e+002;6.1335736487344377e+001;2.0914019980341294e+002
2.7200000000010260e+001;2.0801671126927170e+002;6.1349376049376509e+001;2.0917477849473229e+002
2.7300000000010382e+001;2.0804928754794531e+002;6.1362450144297178e+001;2.0920796737195815e+002
2.7400000000010504e+001;2.0808055206820001e+002;6.1374984496215355e+001;2.0923981992931300e+002
2.7500000000010626e+001;2.0811055585816146e+002;6.1387003803785554e+001;2.0927038822690000e+002
2.7600000000010748e+001;2.0813934852227257e+002;6.1398531624475389e+001;2.0929972286263978e+002
2.7700000000010871e+001;2.0816697820846727e+002;6.1409590307612390e+001;2.0932787293709816e+002
2.7800000000010993e+001;2.0819349157338576e+002;6.1420200968776413e+001;2.0935488601746076e+002
2.7900000000011115e+001;2.0821893375052062e+002;6.1430383498035766e+001;2.0938080810538153e+002
2.8000000000011237e+001;2.0824334832480693e+002;6.1440156594781918e+001;2.0940568361205777e+002
2.8100000000011359e+001;2.0826677731597414e+002;6.1449537822429320e+001;2.0942955534268722e+002
2.8200000000011482e+001;2.0828926117195704e+002;6.1458543676920797e+001;2.0945246449145225e+002
2.8300000000011604e+001;2.0831083877282953e+002;6.1467189663758909e+001;2.0947445064735999e+002
2.8400000000011726e+001;2.0833154744506737e+002;6.1475490379106887e+001;2.0949555181061984e+002
2.8500000000011848e+001;2.0835142298545017e+002;6.1483459591327730e+001;2.0951580441876726e+002
2.8600000000011971e+001;2.0837049969356613e+002;6.1491110320118707e+001;2.0953524338141074e+002
2.8700000000012093e+001;2.0838881041166448e+002;6.1498454911129407e+001;2.0955390212227903e+002
2.8800000000012215e+001;2.0840638657048595e+002;6.1505505104603728e+001;2.0957181262714835e+002
2.8900000000012337e+001;2.0842325823968011e+002;6.1512272097150017e+001;2.0958900549622024e+002
2.9000000000012459e+001;2.0843945418146035e+002;6.1518766596220019e+001;2.0960550999957917e+002
2.9100000000012582e+001;2.0845500190624219e+002;6.1524998867259910e+001;2.0962135413446222e+002
2.9200000000012704e+001;2.0846992772914069e+002;6.1530978773794558e+001;2.0963656468321346e+002
2.9300000000012826e+001;2.0848425682635224e+002;6.1536715810926232e+001;2.0965116727095278e+002
2.9400000000012948e+001;2.0849801329060824e+002;6.1542219132878003e+001;2.0966518642215556e+002
2.9500000000013070e+001;2.0851122018504580e+002;6.1547497575299872e+001;2.0967864561550181e+002
2.9600000000013193e+001;2.0852389959500027e+002;6.1552559673095388e+001;2.0969156733651482e+002
2.9700000000013315e+001;2.0853607267736183e+002;6.1557413674525606e+001;2.0970397312764922e+002
2.9800000000013437e+001;2.0854775970727096e+002;6.1562067552311504e+001;2.0971588363561841e+002
2.9900000000013559e+001;2.0855898012203360e+002;6.1566529012403876e+001;2.0972731865586118e+002
3.0000000000013682e+001;2.0856975256223413e+002;6.1570805501017340e+001;2.0973829717413972e+002
3.0100000000013804e+001;2.0857524808598089e+002;6.1571431440429670e+001;2.0977410053878614e+002
3.0200000000013926e+001;2.0857882647397832e+002;6.1564776138961776e+001;2.0981408033158266e+002
3.0300000000014048e+001;2.0857981258764940e+002;6.1550675771126393e+001;2.0985782786295158e+002
3.0400000000014170e+001;2.0857722944699111e+002;6.1528824663693435e+001;2.0990600465549667e+002
3.0500000000014293e+001;2.0857005005348284e+002;6.1498670923875196e+001;2.0995977217084402e+002
3.0600000000014415e+001;2.0855712624290305e+002;6.1459291890324906e+001;2.1002095569718168e+002
3.0700000000014537e+001;2.0853708609973867e+002;6.1409227678215174e+001;2.1009230290595411e+002
3.0800000000014659e+001;2.0850818278179554e+002;6.1346243435631912e+001;2.1017790258755596e+002
3.0900000000014781e+001;2.0846806395684416e+002;6.1266970202662549e+001;2.1028388076010833e+002
3.1000000000014904e+001;2.0841340533506801e+002;6.1166335747343354e+001;2.1041959297226907e+002
3.1100000000015026e+001;2.0837870034954952e+002;6.1063661146617164e+001;2.1039358847510579e+002
3.1200000000015148e+001;2.0833868592687659e+002;6.0985211858713377e+001;2.1034913275561010e+002
3.1300000000015270e+001;2.0829364116365437e+002;6.0928773103595383e+001;2.1030069895394149e+002
3.1400000000015392e+001;2.0824664711029521e+002;6.0891601537341593e+001;2.1025126473656954e+002
3.1500000000015515e+001;2.0820014603115553e+002;6.0870772345627373e+001;2.1020315365565361e+002
3.1600000000015637e+001;2.0815598791068820e+002;6.0863346981804817e+001;2.1015808955596151e+002
3.1700000000015759e+001;2.0811549099870891e+002;6.0866501885575779e+001;2.1011726424142154e+002
3.1800000000015881e+001;2.0807951039726697e+002;6.0877621995908250e+001;2.1008141147279599e+002
3.1900000000016004e+001;2.0804851007555166e+002;6.0894363431756993e+001;2.1005088289541223e+002
3.2000000000016122e+001;2.0802263454184776e+002;6.0914689946274684e+001;2.1002572233120455e+002
3.2100000000015889e+001;2.0800177726276564e+002;6.0936887768241988e+001;2.1000573572452674e+002
3.2200000000015656e+001;2.0798564372292157e+002;6.0959563266642562e+001;2.0999055482712907e+002
3.2300000000015423e+001;2.0797380772843172e+002;6.0981627556280372e+001;2.0997969340774989e+002
3.2400000000015190e+001;2.0796576016226453e+002;6.1002271748171346e+001;2.0997259536300956e+002
3.2500000000014957e+001;2.0796094989704551e+002;6.1020936077023912e+001;2.0996867458759496e+002
3.2600000000014724e+001;2.0795881696566704e+002;6.1037275641984522e+001;2.0996734683824184e+002
3.2700000000014491e+001;2.0795881838979250e+002;6.1051125002026417e+001;2.0996805410637904e+002
3.2800000000014258e+001;2.0796044728075734e+002;6.1062463393909717e+001;2.0997028220905943e+002
3.2900000000014025e+001;2.0796324596726262e+002;6.1071381903098690e+001;2.0997357242849429e+002
3.3000000000013792e+001;2.0796681398084155e+002;6.1078053526152118e+001;2.0997752808900981e+002
3.3100000000013559e+001;2.0797081175453721e+002;6.1082706722624224e+001;2.0998181696820055e+002
3.3200000000013326e+001;2.0797496087333602e+002;6.1085602767731700e+001;2.0998617040760470e+002
3.3300000000013092e+001;2.0797904166669846e+002;6.1087016983582394e+001;2.0999037992759324e+002
3.3400000000012859e+001;2.0798288886311033e+002;6.1087223744099070e+001;2.0999429207052285e+002
3.3500000000012626e+001;2.0798638594195558e+002;6.1086485012900553e+001;2.0999780210350619e+002
3.3600000000012393e+001;2.0798945872597699e+002;6.1085042079245788e+001;2.1000084711407186e+002
3.3700000000012160e+001;2.0799206866375266e+002;6.1083110099055716e+001;2.1000339893392834e+002
3.3800000000011927e+001;2.0799420616036610e+002;6.1080875020130648e+001;2.1000545723217337e+002
3.3900000000011694e+001;2.0799588422909764e+002;6.1078492467166321e+001;2.1000704303265354e+002
3.4000000000011461e+001;2.0799713265978312e+002;6.1076088177536548e+001;2.1000819283280316e+002
3.4100000000011228e+001;2.0799799283190379e+002;6.1073759608031438e+001;2.1000895343434601e+002
3.4200000000010995e+001;2.0799851324314466e+002;6.1071578371328528e+001;2.1000937754017482e+002
3.4300000000010762e+001;2.0799874577716338e+002;6.1069593205130772e+001;2.1000952012639453e+002
3.4400000000010529e+001;2.0799874269726024e+002;6.1067833223432167e+001;2.1000943556337793e+002
3.4500000000010296e+001;2.0799855432479410e+002;6.1066311245736600e+001;2.1000917543385020e+002
3.4600000000010063e+001;2.0799822734159972e+002;6.1065027044319898e+001;2.1000878697843910e+002
3.4700000000009830e+001;2.0799780364323641e+002;6.1063970390381769e+001;2.1000831208861177e+002
3.4800000000009597e+001;2.0799731966348941e+002;6.1063123816273560e+001;2.1000778676227441e+002
3.4900000000009364e+001;2.0799680608903239e+002;6.1062465042374548e+001;2.1000724093736579e+002
3.5000000000009130e+001;2.0799628788544970e+002;6.1061969043458404e+001;2.1000669862241568e+002
3.5100000000008897e+001;2.0799578456093872e+002;6.1061609750598997e+001;2.1000617824929779e+002
3.5200000000008664e+001;2.0799531060106432e+002;6.1061361401102310e+001;2.1000569318136880e+002
3.5300000000008431e+001;2.0799487601619745e+002;6.1061199561021532e+001;2.1000525231915449e+002
3.5400000000008198e+001;2.0799448695207462e+002;6.1061101853024901e+001;2.1000486075506868e+002
3.5500000000007965e+001;2.0799414632278354e+002;6.1061048427288696e+001;2.1000452043787433e+002
3.5600000000007732e+001;2.0799385443400843e+002;6.1061022215245330e+001;2.1000423081633659e+002
3.5700000000007499e+001;2.0799360957228077e+002;6.1061009005975272e+001;2.1000398943952226e+002
3.5800000000007266e+001;2.0799340854307880e+002;6.1060997383307431e+001;2.1000379249830021e+002
3.5900000000007033e+001;2.0799324714679065e+002;6.1060978558750165e+001;2.1000363529869298e+002
3.6000000000006800e+001;2.0799312058676193e+002;6.1060946131624924e+001;2.1000351266281245e+002
3.6100000000006567e+001;2.0799302380788322e+002;6.1060895803563170e+001;2.1000341925718493e+002
3.6200000000006334e+001;2.0799295176748586e+002;6.1060825070139494e+001;2.1000334985140407e+002
3.6300000000006101e+001;2.0799289964278449e+002;6.1060732908083821e+001;2.1000329951233275e+002
3.6400000000005868e+001;2.0799286298081634e+002;6.1060619472405968e+001;2.1000326374059784e+002
3.6500000000005635e+001;2.0799283779788578e+002;6.1060485814005133e+001;2.1000323855700725e+002
3.6600000000005402e+001;2.0799282063603991e+002;6.1060333625003722e+001;2.1000322054687084e+002
3.6700000000005168e+001;2.0799280858417677e+002;6.1060165016177706e+001;2.1000320687014033e+002
3.6800000000004935e+001;2.0799279927111789e+002;6.1059982328473900e+001;2.1000319524489080e+002
3.6900000000004702e+001;2.0799279083746666e+002;6.1059787978689066e+001;2.1000318391105131e+002
3.7000000000004469e+001;2.0799278189238427e+002;6.1059584337916071e+001;2.1000317158052215e+002
3.7100000000004236e+001;2.0799277146062852e+002;6.1059373640294012e+001;2.1000315737896426e+002
3.7200000000004003e+001;2.0799275892437373e+002;6.1059157918882683e+001;2.1000314078367393e+002
3.7300000000003770e+001;2.0799274396349381e+002;6.1058938965069721e+001;2.1000312156108956e+002
3.7400000000003537e+001;2.0799272649720422e+002;6.1058718307753843e+001;2.1000309970667041e+002
3.7500000000003304e+001;2.0799270662922240e+002;6.1058497208582487e+001;2.1000307538914791e+002
3.7600000000003071e+001;2.0799268459795587e+002;6.1058276669704469e+001;2.1000304890049594e+002
3.7700000000002838e+001;2.0799266073266188e+002;6.1058057450792106e+001;2.1000302061241393e+002
3.7800000000002605e+001;2.0799263541604654e+002;6.1057840092448373e+001;2.1000299093965049e+002
3.7900000000002372e+001;2.0799260905339273e+002;6.1057624943514760e+001;2.1000296031013130e+002
3.8000000000002139e+001;2.0799258204800384e+002;6.1057412190208417e+001;2.1000292914157288e+002
3.8100000000001906e+001;2.0799255478253349e+002;6.1057201885422622e+001;2.1000289782406261e+002
3.8200000000001673e+001;2.0799252760562220e+002;6.1056993976904337e+001;2.1000286670795330e+002
3.8300000000001440e+001;2.0799250082316840e+002;6.1056788333371266e+001;2.1000283609634482e+002
3.8400000000001207e+001;2.0799247469352329e+002;6.1056584767936108e+001;2.1000280624140279e+002
3.8500000000000973e+001;2.0799244942589800e+002;6.1056383058468242e+001;2.1000277734377204e+002
3.8600000000000740e+001;2.0799242518129776e+002;6.1056182964738284e+001;2.1000274955438840e+002
3.8700000000000507e+001;2.0799240207535456e+002;6.1055984242365298e+001;2.1000272297804864e+002
3.8800000000000274e+001;2.0799238018249096e+002;6.1055786653717171e+001;2.1000269767817539e+002
3.8900000000000041e+001;2.0799235954092754e+002;6.1055589976008342e+001;2.1000267368229387e+002
3.8999999999999808e+001;2.0799234015811945e+002;6.1055394006902631e+001;2.1000265098781810e+002
3.9099999999999575e+001;2.0799232201629241e+002;6.1055198567964275e+001;2.1000262956782802e+002
3.9199999999999342e+001;2.0799230507781354e+002;6.1055003506308104e+001;2.1000260937658942e+002
3.9299999999999109e+001;2.0799228929020768e+002;6.1054808694799277e+001;2.1000259035464177e+002
3.9399999999998876e+001;2.0799227459068530e+002;6.1054614031130384e+001;2.1000257243333476e+002
3.9499999999998643e+001;2.0799226091010144e+002;6.1054419436075413e+001;2.1000255553874754e+002
3.9599999999998410e+001;2.0799224817630795e+002;6.1054224851186341e+001;2.1000253959496581e+002
3.9699999999998177e+001;2.0799223631689665e+002;6.1054030236158873e+001;2.1000252452672581e+002
3.9799999999997944e+001;2.0799222526135486e+002;6.1053835566055803e+001;2.1000251026145585e+002
3.9899999999997711e+001;2.0799221494268039e+002;6.1053640828538782e+001;2.1000249673077150e+002
3.9999999999997478e+001;2.0799220529850675e+002;6.1053446021223252e+001;2.1000248387148150e+002
4.0099999999997245e+001;2.0799219627180838e+002;6.1053251149239962e+001;2.1000247162617831e+002
4.0199999999997011e+001;2.0799218781124836e+002;6.1053056223057560e+001;2.1000245994348032e+002
4.0299999999996778e+001;2.0799217987123737e+002;6.1052861256598639e+001;2.1000244877799670e+002
4.0399999999996545e+001;2.0799217241176723e+002;6.1052666265658686e+001;2.1000243809007907e+002
4.0499999999996312e+001;2.0799216539807668e+002;6.1052471266625929e+001;2.1000242784541877e+002
4.0599999999996079e+001;2.0799215880020176e+002;6.1052276275484530e+001;2.1000241801454146e+002
4.0699999999995846e+001;2.0799215259245625e+002;6.1052081307078090e+001;2.1000240857224406e+002
4.0799999999995613e+001;2.0799214675287729e+002;6.1051886374602915e+001;2.1000239949700813e+002
4.0899999999995380e+001;2.0799214126266932e+002;6.1051691489299301e+001;2.1000239077042173e+002
4.0999999999995147e+001;2.0799213610566778e+002;6.1051496660306768e+001;2.1000238237662867e+002
4.1099999999994914e+001;2.0802249934927238e+002;6.1073816953545439e+001;2.0984496824468238e+002
4.1199999999994681e+001;2.0805031450212377e+002;6.1131957207479921e+001;2.0972085803069723e+002
4.1299999999994448e+001;2.0807859679685120e+002;6.1210743876320734e+001;2.0963234481459151e+002
4.1399999999994215e+001;2.0811085286323754e+002;6.1299178383180816e+001;2.0957282457866637e+002
4.1499999999993982e+001;2.0814853325675332e+002;6.1389412783252993e+001;2.0953702028748941e+002
4.1599999999993749e+001;2.0819177570310413e+002;6.1475982698581660e+001;2.0952044949288947e+002
4.1699999999993516e+001;2.0823991129748811e+002;6.1555262554547298e+001;2.0951918615067416e+002
4.1799999999993283e+001;2.0829181680023336e+002;6.1625053288779590e+001;2.0952975960732962e+002
4.1899999999993049e+001;2.0834616130170730e+002;6.1684255564090094e+001;2.0954911517652286e+002
4.1999999999992816e+001;2.0840157708728486e+002;6.1732603167585900e+001;2.0957459876889558e+002
4.2099999999992583e+001;2.0845253787205951e+002;6.1767282955722699e+001;2.0962591597427183e+002
4.2199999999992350e+001;2.0850213118876272e+002;6.1787022810039268e+001;2.0967645719042775e+002
4.2299999999992117e+001;2.0854903120051662e+002;6.1794487910139985e+001;2.0972395317255413e+002
4.2399999999991884e+001;2.0859208294206704e+002;6.1792250011132438e+001;2.0976730809164641e+002
4.2499999999991651e+001;2.0863055041127797e+002;6.1782697323888058e+001;2.0980584379416240e+002
4.2599999999991418e+001;2.0866405184665484e+002;6.1767975935433959e+001;2.0983923294293896e+002
4.2699999999991185e+001;2.0869249494558395e+002;6.1749954873544759e+001;2.0986743269756158e+002
4.2799999999990952e+001;2.0871601455454015e+002;6.1730210905226038e+001;2.0989062144470984e+002
4.2899999999990719e+001;2.0873491523807013e+002;6.1710029166390250e+001;2.0990914086344705e+002
4.2999999999990486e+001;2.0874961977602547e+002;6.1690415929370822e+001;2.0992344433726777e+002
4.3100999999990250e+001;2.0876071759773092e+002;6.1671945850668770e+001;2.0993414171461404e+002
4.3200999999990017e+001;2.0876852567598286e+002;6.1655507255516348e+001;2.0994157643680683e+002
4.3300999999989784e+001;2.0877370912770914e+002;6.1641228254574251e+001;2.0994642265670186e+002
4.3400999999989551e+001;2.0877678715016560e+002;6.1629261167529577e+001;2.0994920800402326e+002
4.3500999999989318e+001;2.0877824307758061e+002;6.1619623821620301e+001;2.0995042033065184e+002
4.3600999999989085e+001;2.0877851245761605e+002;6.1612229740651351e+001;2.0995049650036091e+002
4.3700999999988852e+001;2.0877797587588125e+002;6.1606915799881683e+001;2.0994981589731884e+002
4.3800999999988619e+001;2.0877695573905160e+002;6.1603466761363222e+001;2.0994869784174128e+002
4.3900999999988386e+001;2.0877571624164221e+002;6.1601636371036079e+001;2.0994740212293428e+002
4.4000999999988153e+001;2.0877446578563760e+002;6.1601164917578501e+001;2.0994613191037220e+002
4.4100999999987920e+001;2.0877336118711528e+002;6.1601793325476542e+001;2.0994503837352173e+002
4.4200999999987687e+001;2.0877251308207647e+002;6.1603273984391791e+001;2.0994422642327982e+002
4.4300999999987454e+001;2.0877199202853737e+002;6.1605378608094206e+001;2.0994376107583170e+002
4.4400999999987221e+001;2.0877183488835180e+002;6.1607903474020119e+001;2.0994367402837759e+002
4.4500999999986988e+001;2.0877205115625677e+002;6.1610672424196729e+001;2.0994397012165928e+002
4.4600999999986755e+001;2.0877262898225041e+002;6.1613538015082796e+001;2.0994463344365781e+002
4.4700999999986522e+001;2.0877354070461132e+002;6.1616381192800439e+001;2.0994563290031502e+002
4.4800999999986288e+001;2.0877474777336198e+002;6.1619109845861551e+001;2.0994692714149582e+002
4.4900999999986055e+001;2.0877620499716596e+002;6.1621656553908238e+001;2.0994846878314377e+002
4.5000999999985822e+001;2.0877786409044270e+002;6.1623975811722005e+001;2.0995020790969244e+002
4.5100999999985589e+001;2.0877967653220745e+002;6.1626040965757475e+001;2.0995209487469290e+002
4.5200999999985356e+001;2.0878159577442617e+002;6.1627841058125064e+001;2.0995408244299236e+002
4.5300999999985123e+001;2.0878357885635083e+002;6.1629377732125846e+001;2.0995612733553543e+002
4.5400999999984890e+001;2.0878558749332123e+002;6.1630662315506200e+001;2.0995819124897332e+002
4.5500999999984657e+001;2.0878758871491740e+002;6.1631713163477613e+001;2.0996024142779908e+002
4.5600999999984424e+001;2.0878955512912145e+002;6.1632553313798233e+001;2.0996225086772131e+002
4.5700999999984191e+001;2.0879146488730578e+002;6.1633208481086321e+001;2.0996419822645620e+002
4.5800999999983958e+001;2.0879330142028707e+002;6.1633705397026162e+001;2.0996606751295025e+002
4.5900999999983725e+001;2.0879505300921122e+002;6.1634070487042223e+001;2.0996784761908421e+002
4.6000999999983492e+001;2.0879671224735341e+002;6.1634328862014279e+001;2.0996953174984185e+002
4.6100999999983259e+001;2.0879827544064437e+002;6.1634503595261251e+001;2.0997111679935583e+002
4.6200999999983026e+001;2.0879974198633937e+002;6.1634615249840259e+001;2.0997260271164174e+002
4.6300999999982793e+001;2.0880111376112188e+002;6.1634681618687850e+001;2.0997399185656784e+002
4.6400999999982560e+001;2.0880239454235073e+002;6.1634717639764794e+001;2.0997528844395248e+002
4.6500999999982326e+001;2.0880358947932524e+002;6.1634735449678658e+001;2.0997649799182201e+002
4.6600999999982093e+001;2.0880470462545554e+002;6.1634744541805439e+001;2.0997762685889694e+002
4.6700999999981860e+001;2.0880574653716295e+002;6.1634751998327779e+001;2.0997868184635570e+002
4.6800999999981627e+001;2.0880672194118554e+002;6.1634762769509081e+001;2.0997966986984906e+002
4.6900999999981394e+001;2.0880763746869329e+002;6.1634779977654198e+001;2.0998059769954978e+002
4.7000999999981161e+001;2.0880849945217034e+002;6.1634805227340550e+001;2.0998147176366524e+002
4.7100999999980928e+001;2.0880931377930244e+002;6.1634838907462367e+001;2.0998229800921487e+002
4.7200999999980695e+001;2.0881008579702578e+002;6.1634880474290775e+001;2.0998308181288047e+002
4.7300999999980462e+001;2.0881082025835079e+002;6.1634928708027395e+001;2.0998382793427811e+002
4.7400999999980229e+001;2.0881152130446480e+002;6.1634981938169361e+001;2.0998454050396742e+002
4.7500999999979996e+001;2.0881219247484950e+002;6.1635038235387135e+001;2.0998522303881094e+002
4.7600999999979763e+001;2.0881283673863427e+002;6.1635095569555354e+001;2.0998587847783801e+002
4.7700999999979530e+001;2.0881345654106406e+002;6.1635151935078554e+001;2.0998650923247126e+002
4.7800999999979297e+001;2.0881405385972778e+002;6.1635205445770040e+001;2.0998711724577686e+002
4.7900999999979064e+001;2.0881463026600679e+002;6.1635254402301719e+001;2.0998770405624185e+002
4.8000999999978831e+001;2.0881518698802267e+002;6.1635297335706156e+001;2.0998827086241965e+002
4.8100999999978598e+001;2.0881572497215245e+002;6.1635333030616216e+001;2.0998881858558582e+002
4.8200999999978364e+001;2.0881624494090835e+002;6.1635360531938375e+001;2.0998934792828283e+002
4.8300999999978131e+001;2.0881674744563742e+002;6.1635379138500554e+001;2.0998985942729144e+002
4.8400999999977898e+001;2.0881723291306315e+002;6.1635388386950801e+001;2.0999035350012946e+002
4.8500999999977665e+001;2.0881770168517639e+002;6.1635388028843074e+001;2.0999083048466142e+002
4.8600999999977432e+001;2.0881815405237128e+002;6.1635378003455109e+001;2.0999129067178126e+002
4.8700999999977199e+001;2.0881859028002759e+002;6.1635358408481117e+001;2.0999173433142997e+002
4.8800999999976966e+001;2.0881901062897069e+002;6.1635329470338220e+001;2.0999216173242834e+002
4.8900999999976733e+001;2.0881941537039512e+002;6.1635291515441082e+001;2.0999257315675334e+002
4.9000999999976500e+001;2.0881980479593554e+002;6.1635244943449528e+001;2.0999296890897384e+002
4.9100999999976267e+001;2.0882017922361538e+002;6.1635190203177046e+001;2.0999334932160085e+002
4.9200999999976034e+001;2.0882053900040356e+002;6.1635127771579619e+001;2.0999371475710112e+002
4.9300999999975801e+001;2.0882088450209102e+002;6.1635058136017079e+001;2.0999406560729446e+002
4.9400999999975568e+001;2.0882121613113731e+002;6.1634981779796760e+001;2.0999440229079394e+002
4.9500999999975335e+001;2.0882153431308055e+002;6.1634899170869289e+001;2.0999472524908086e+002
4.9600999999975102e+001;2.0882183949202312e+002;6.1634810753441350e+001;2.0999503494172683e+002
4.9700999999974869e+001;2.0882213212562354e+002;6.1634716942202708e+001;2.0999533184118823e+002
4.9800999999974636e+001;2.0882241267995263e+002;6.1634618118822821e+001;2.0999561642752425e+002
4.9900999999974402e+001;2.0882268162448565e+002;6.1634514630355199e+001;2.0999588918330423e+002
5.0000999999974169e+001;2.0882293942744019e+002;6.1634406789191537e+001;2.0999615058890441e+002
5.0100999999973936e+001;2.0882318655160228e+002;6.1634294874221524e+001;2.0999640111833031e+002
5.0200999999973703e+001;2.0882342345072922e+002;6.1634179132884711e+001;2.0999664123564378e+002
5.0300999999973470e+001;2.0882365056657267e+002;6.1634059783832910e+001;2.0999687139203263e+002
5.0400999999973237e+001;2.0882386832652861e+002;6.1633937019960747e+001;2.0999709202352236e+002
5.0500999999973004e+001;2.0882407714189065e+002;6.1633811011602560e+001;2.0999730354929977e+002
5.0600999999972771e+001;2.0882427740666566e+002;6.1633681909730655e+001;2.0999750637060532e+002
5.0700999999972538e+001;2.0882446949688972e+002;6.1633549849029457e+001;2.0999770087012502e+002
5.0800999999972305e+001;2.0882465377038150e+002;6.1633414950753050e+001;2.0999788741181848e+002
5.0900999999972072e+001;2.0882483056685976e+002;6.1633277325302991e+001;2.0999806634110695e+002
5.1000999999971839e+001;2.0882500020835678e+002;6.1633137074489852e+001;2.0999823798535033e+002
5.1100999999971606e+001;2.0882516299985875e+002;6.1632994293463362e+001;2.0999840265454483e+002
5.1200999999971373e+001;2.0882531923011112e+002;6.1632849072312474e+001;2.0999856064217789e+002
5.1300999999971140e+001;2.0882546917253373e+002;6.1632701497350872e+001;2.0999871222618540e+002
5.1400999999970907e+001;2.0882561308619808e+002;6.1632551652112952e+001;2.0999885766996374e+002
5.1500999999970674e+001;2.0882575121682470e+002;6.1632399618088762e+001;2.0999899722339512e+002
5.1600999999970441e+001;2.0882588379777042e+002;6.1632245475236196e+001;2.0999913112385676e+002
5.1700999999970207e+001;2.0882601105097802e+002;6.1632089302301949e+001;2.0999925959718720e+002
5.1800999999969974e+001;2.0882613318787253e+002;6.1631931176989703e+001;2.0999938285859400e+002
5.1900999999969741e+001;2.0882625041018909e+002;6.1631771176008357e+001;2.0999950111349025e+002
5.2000999999969508e+001;2.0882636291072683e+002;6.1631609375028958e+001;2.0999961455825311e+002
5.2100999999969275e+001;2.0882647087402520e+002;6.1631445848580213e+001;2.0999972338090302e+002
5.2200999999969042e+001;2.0882657447696329e+002;6.1631280669904328e+001;2.0999982776170424e+002
5.2300999999968809e+001;2.0882667388928627e+002;6.1631113910793161e+001;2.0999992787369067e+002
5.2400999999968576e+001;2.0882676927406158e+002;6.1630945641420247e+001;2.1000002388312188e+002
5.2500999999968343e+001;2.0882686078807475e+002;6.1630775930181009e+001;2.1000011594987737e+002
5.2600999999968110e+001;2.0882694858216928e+002;6.1630604843549193e+001;2.1000020422779548e+002
5.2700999999967877e+001;2.0882703280153891e+002;6.1630432445957339e+001;2.1000028886496489e+002
5.2800999999967644e+001;2.0882711358597993e+002;6.1630258799701956e+001;2.1000037000397646e+002
5.2900999999967411e+001;2.0882719107011073e+002;6.1630083964877230e+001;2.1000044778214240e+002
5.3000999999967178e+001;2.0882726538356403e+002;6.1629907999335451e+001;2.1000052233168924e+002
5.3100999999966945e+001;2.0882733665115862e+002;6.1629730958674912e+001;2.1000059377993057e+002
5.3200999999966712e+001;2.0882740499305484e+002;6.1629552896249585e+001;2.1000066224942421e+002
5.3300999999966479e+001;2.0882747052489916e+002;6.1629373863200115e+001;2.1000072785811818e+002
5.3400999999966245e+001;2.0882753335795985e+002;6.1629193908504014e+001;2.1000079071948932e+002
5.3500999999966012e+001;2.0882759359925760e+002;6.1629013079036064e+001;2.1000085094267641e+002
5.3600999999965779e+001;2.0882765135169288e+002;6.1628831419645380e+001;2.1000090863261050e+002
5.3700999999965546e+001;2.0882770671417160e+002;6.1628648973233162e+001;2.1000096389014374e+002
5.3800999999965313e+001;2.0882775978172910e+002;6.1628465780842973e+001;2.1000101681217672e+002
5.3900999999965080e+001;2.0882781064565467e+002;6.1628281881746183e+001;2.1000106749178627e+002
5.4000999999964847e+001;2.0882785939361546e+002;6.1628097313534823e+001;2.1000111601835331e+002
5.4100999999964614e+001;2.0882790610978140e+002;6.1627912112207191e+001;2.1000116247768992e+002
5.4200999999964381e+001;2.0882795087494807e+002;6.1627726312253721e+001;2.1000120695216680e+002
5.4300999999964148e+001;2.0882799376665986e+002;6.1627539946740491e+001;2.1000124952083880e+002
5.4400999999963915e+001;2.0882803485933204e+002;6.1627353047383821e+001;2.1000129025957034e+002
5.4500999999963682e+001;2.0882807422437085e+002;6.1627165644624782e+001;2.1000132924115834e+002
5.4600999999963449e+001;2.0882811193029147e+002;6.1626977767696445e+001;2.1000136653545303e+002
5.4700999999963216e+001;2.0882814804283370e+002;6.1626789444685414e+001;2.1000140220947600e+002
5.4800999999962983e+001;2.0882818262507456e+002;6.1626600702589130e+001;2.1000143632753563e+002
5.4900999999962750e+001;2.0882821573753779e+002;6.1626411567370937e+001;2.1000146895133861e+002
5.5000999999962517e+001;2.0882824743829957e+002;6.1626222064006271e+001;2.1000150014009770e+002
5.5100999999962283e+001;2.0882827778309019e+002;6.1626032216527555e+001;2.1000152995063590e+002
5.5200999999962050e+001;2.0882830682539279e+002;6.1625842048064861e+001;2.1000155843748647e+002
5.5300999999961817e+001;2.0882833461653723e+002;6.1625651580885865e+001;2.1000158565298898e+002
5.5400999999961584e+001;2.0882836120579029e+002;6.1625460836428296e+001;2.1000161164738131e+002
5.5500999999961351e+001;2.0882838664044252e+002;6.1625269835333313e+001;2.1000163646888734e+002
5.5600999999961118e+001;2.0882841096588970e+002;6.1625078597476048e+001;2.1000166016380092e+002
5.5700999999960885e+001;2.0882843422571233e+002;6.1624887141993455e+001;2.1000168277656573e+002
5.5800999999960652e+001;2.0882845646175033e+002;6.1624695487314121e+001;2.1000170434985210e+002
5.5900999999960419e+001;2.0882847771417440e+002;6.1624503651181577e+001;2.1000172492462931e+002
5.6000999999960186e+001;2.0882849802155505e+002;6.1624311650679765e+001;2.1000174454023576e+002
5.6100999999959953e+001;2.0882851742092652e+002;6.1624119502257109e+001;2.1000176323444424e+002
5.6200999999959720e+001;2.0882853594785030e+002;6.1623927221749746e+001;2.1000178104352645e+002
5.6300999999959487e+001;2.0882855363647320e+002;6.1623734824402895e+001;2.1000179800231220e+002
5.6400999999959254e+001;2.0882857051958516e+002;6.1623542324893485e+001;2.1000181414424816e+002
5.6500999999959021e+001;2.0882858662867281e+002;6.1623349737351582e+001;2.1000182950145268e+002
5.6600999999958788e+001;2.0882860199397163e+002;6.1623157075379439e+001;2.1000184410476874e+002
5.6700999999958555e+001;2.0882861664451582e+002;6.1622964352071563e+001;2.1000185798381435e+002
5.6800999999958321e+001;2.0882863060818539e+002;6.1622771580034588e+001;2.1000187116703140e+002
5.6900999999958088e+001;2.0882864391175318e+002;6.1622578771405202e+001;2.1000188368173269e+002
5.7000999999957855e+001;2.0882865658092709e+002;6.1622385937868742e+001;2.1000189555414582e+002
5.7100999999957622e+001;2.0882866864039363e+002;6.1622193090676440e+001;2.1000190680945661e+002
5.7200999999957389e+001;2.0882868011385736e+002;6.1622000240662317e+001;2.1000191747185028e+002
5.7300999999957156e+001;2.0882869102408034e+002;6.1621807398259278e+001;2.1000192756455075e+002
5.7400999999956923e+001;2.0882870139291919e+002;6.1621614573515508e+001;2.1000193710985931e+002
5.7500999999956690e+001;2.0882871124136136e+002;6.1621421776110083e+001;2.1000194612919071e+002
5.7600999999956457e+001;2.0882872058955942e+002;6.1621229015366126e+001;2.1000195464310897e+002
5.7700999999956224e+001;2.0882872945686444e+002;6.1621036300265857e+001;2.1000196267136059e+002
5.7800999999955991e+001;2.0882873786185755e+002;6.1620843639463580e+001;2.1000197023290741e+002
5.7900999999955758e+001;2.0882874582238128e+002;6.1620651041298899e+001;2.1000197734595807e+002
5.8000999999955525e+001;2.0882875335556832e+002;6.1620458513808948e+001;2.1000198402799768e+002
5.8100999999955292e+001;2.0882876047787013e+002;6.1620266064740484e+001;2.1000199029581660e+002
5.8200999999955059e+001;2.0882876720508409e+002;6.1620073701561296e+001;2.1000199616553857e+002
5.8300999999954826e+001;2.0882877355238014e+002;6.1619881431470986e+001;2.1000200165264738e+002
5.8400999999954593e+001;2.0882877953432498e+002;6.1619689261411501e+001;2.1000200677201218e+002
5.8500999999954360e+001;2.0882878516490717e+002;6.1619497198077191e+001;2.1000201153791210e+002
5.8600999999954126e+001;2.0882879045755988e+002;6.1619305247924387e+001;2.1000201596406038e+002
5.8700999999953893e+001;2.0882879542518265e+002;6.1619113417180571e+001;2.1000202006362616e+002
5.8800999999953660e+001;2.0882880008016360e+002;6.1618921711853375e+001;2.1000202384925703e+002
5.8900999999953427e+001;2.0882880443439947e+002;6.1618730137738687e+001;2.1000202733309953e+002
5.9000999999953194e+001;2.0882880849931558e+002;6.1618538700429205e+001;2.1000203052681940e+002
5.9100999999952961e+001;2.0882881228588423e+002;6.1618347405321771e+001;2.1000203344162071e+002
5.9200999999952728e+001;2.0882881580464331e+002;6.1618156257625195e+001;2.1000203608826430e+002
5.9300999999952495e+001;2.0882881906571342e+002;6.1617965262366639e+001;2.1000203847708562e+002
5.9400999999952262e+001;2.0882882207881468e+002;6.1617774424399649e+001;2.1000204061801162e+002
5.9500999999952029e+001;2.0882882485328307e+002;6.1617583748410730e+001;2.1000204252057750e+002
5.9600999999951796e+001;2.0882882739808494e+002;6.1617393238924571e+001;2.1000204419394163e+002
5.9700999999951563e+001;2.0882882972183270e+002;6.1617202900310808e+001;2.1000204564690122e+002
5.9800999999951330e+001;2.0882883183279884e+002;6.1617012736789654e+001;2.1000204688790691e+002
5.9900999999951097e+001;2.0882883373892895e+002;6.1616822752437642e+001;2.1000204792507580e+002
6.0000999999950864e+001;2.0882883544785508e+002;6.1616632951192962e+001;2.1000204876620541e+002
6.0100999999950631e+001;2.0882883696690885e+002;6.1616443336860719e+001;2.1000204941878653e+002
6.0200999999950398e+001;2.0882883830313233e+002;6.1616253913117774e+001;2.1000204989001483e+002
6.0300999999950164e+001;2.0882883946329073e+002;6.1616064683517614e+001;2.1000205018680344e+002
6.0400999999949931e+001;2.0882884045388252e+002;6.1615875651494882e+001;2.1000205031579335e+002
6.0500999999949698e+001;2.0882884128115086e+002;6.1615686820369874e+001;2.1000205028336524e+002
6.0600999999949465e+001;2.0882884195109335e+002;6.1615498193352714e+001;2.1000205009564905e+002
6.0700999999949232e+001;2.0882884246947182e+002;6.1615309773547395e+001;2.1000204975853438e+002
6.0800999999948999e+001;2.0882884284182208e+002;6.1615121563955803e+001;2.1000204927768002e+002
6.0900999999948766e+001;2.0882884307346265e+002;6.1614933567481330e+001;2.1000204865852328e+002
6.1000999999948533e+001;2.0882884316950350e+002;6.1614745786932602e+001;2.1000204790628845e+002
6.1100999999948300e+001;2.0882884313485445e+002;6.1614558225026848e+001;2.1000204702599581e+002
6.1200999999948067e+001;2.0882884297423334e+002;6.1614370884393303e+001;2.1000204602246944e+002
6.1300999999947834e+001;2.0882884269217311e+002;6.1614183767576307e+001;2.1000204490034488e+002
6.1400999999947601e+001;2.0882884229302968e+002;6.1613996877038531e+001;2.1000204366407712e+002
6.1500999999947368e+001;2.0882884178098899e+002;6.1613810215163824e+001;2.1000204231794746e+002
6.1600999999947135e+001;2.0882884116007369e+002;6.1613623784260000e+001;2.1000204086607064e+002
6.1700999999946902e+001;2.0882884043414967e+002;6.1613437586561737e+001;2.1000203931240114e+002
6.1800999999946669e+001;2.0882883960693238e+002;6.1613251624232973e+001;2.1000203766074029e+002
6.1900999999946436e+001;2.0882883868199275e+002;6.1613065899369445e+001;2.1000203591474158e+002
6.2000999999946202e+001;2.0882883766276279e+002;6.1612880414001317e+001;2.1000203407791679e+002
6.2100999999945969e+001;2.0882883655254167e+002;6.1612695170095215e+001;2.1000203215364198e+002
6.2200999999945736e+001;2.0882883535450057e+002;6.1612510169556614e+001;2.1000203014516242e+002
6.2300999999945503e+001;2.0882883407168785e+002;6.1612325414231961e+001;2.1000202805559826e+002
6.2400999999945270e+001;2.0882883270703408e+002;6.1612140905910735e+001;2.1000202588794900e+002
6.2500999999945037e+001;2.0882883126335653e+002;6.1611956646327307e+001;2.1000202364509877e+002
6.2600999999944804e+001;2.0882882974336405e+002;6.1611772637162908e+001;2.1000202132982076e+002
6.2700999999944571e+001;2.0882882814966106e+002;6.1611588880047563e+001;2.1000201894478141e+002
6.2800999999944338e+001;2.0882882648475186e+002;6.1611405376561692e+001;2.1000201649254498e+002
6.2900999999944105e+001;2.0882882475104464e+002;6.1611222128237806e+001;2.1000201397557768e+002
6.3000999999943872e+001;2.0882882295085514e+002;6.1611039136562141e+001;2.1000201139625085e+002
6.3100999999943639e+001;2.0882882108641076e+002;6.1610856402976232e+001;2.1000200875684595e+002
6.3200999999943406e+001;2.0882881915985362e+002;6.1610673928878342e+001;2.1000200605955715e+002
6.3300999999943173e+001;2.0882881717324409e+002;6.1610491715625095e+001;2.1000200330649500e+002
6.3400999999942940e+001;2.0882881512856426e+002;6.1610309764532410e+001;2.1000200049969004e+002
6.3500999999942707e+001;2.0882881302772054e+002;6.1610128076877309e+001;2.1000199764109553e+002
6.3600999999942474e+001;2.0882881087254759e+002;6.1609946653899030e+001;2.1000199473259127e+002
6.3700999999942240e+001;2.0882880866481014e+002;6.1609765496800044e+001;2.1000199177598560e+002
6.3800999999942007e+001;2.0882880640620658e+002;6.1609584606747603e+001;2.1000198877301904e+002
6.3900999999941774e+001;2.0882880409837099e+002;6.1609403984874440e+001;2.1000198572536618e+002
6.4000999999941541e+001;2.0882880174287607e+002;6.1609223632280283e+001;2.1000198263463909e+002
6.4100999999942019e+001;2.0882879934123574e+002;6.1609043550032524e+001;2.1000197950238945e+002
6.4200999999942496e+001;2.0882879689490710e+002;6.1608863739167454e+001;2.1000197633011078e+002
6.4300999999942974e+001;2.0882879440529263e+002;6.1608684200691222e+001;2.1000197311924094e+002
6.4400999999943451e+001;2.0882879187374280e+002;6.1608504935580669e+001;2.1000196987116448e+002
6.4500999999943929e+001;2.0882878930155786e+002;6.1608325944784198e+001;2.1000196658721427e+002
6.4600999999944406e+001;2.0882878668998961e+002;6.1608147229222801e+001;2.1000196326867399e+002
6.4700999999944884e+001;2.0882878404024402e+002;6.1607968789790831e+001;2.1000195991678001e+002
6.4800999999945361e+001;2.0882878135348255e+002;6.1607790627356508e+001;2.1000195653272337e+002
6.4900999999945839e+001;2.0882877863082348e+002;6.1607612742763173e+001;2.1000195311765071e+002
6.5000999999946316e+001;2.0882877587334485e+002;6.1607435136829686e+001;2.1000194967266762e+002
6.5100999999946794e+001;2.0882877308208512e+002;6.1607257810351172e+001;2.1000194619883882e+002
6.5200999999947271e+001;2.0882877025804447e+002;6.1607080764099670e+001;2.1000194269719017e+002
6.5300999999947749e+001;2.0882876740218754e+002;6.1606903998825103e+001;2.1000193916871078e+002
6.5400999999948226e+001;2.0882876451544365e+002;6.1606727515255535e+001;2.1000193561435373e+002
6.5500999999948704e+001;2.0882876159870870e+002;6.1606551314097892e+001;2.1000193203503770e+002
6.5600999999949181e+001;2.0882875865284669e+002;6.1606375396038580e+001;2.1000192843164874e+002
6.5700999999949659e+001;2.0882875567869053e+002;6.1606199761744087e+001;2.1000192480504097e+002
6.5800999999950136e+001;2.0882875267704358e+002;6.1606024411861384e+001;2.1000192115603809e+002
6.5900999999950614e+001;2.0882874964868063e+002;6.1605849347018619e+001;2.1000191748543457e+002
6.6000999999951091e+001;2.0882874659434927e+002;6.1605674567825510e+001;2.1000191379399686e+002
6.6100999999951568e+001;2.0882874351477076e+002;6.1605500074873831e+001;2.1000191008246449e+002
6.6200999999952046e+001;2.0882874041064122e+002;6.1605325868737857e+001;2.1000190635155107e+002
6.6300999999952523e+001;2.0882873728263232e+002;6.1605151949974967e+001;2.1000190260194501e+002
6.6400999999953001e+001;2.0882873413139239e+002;6.1604978319125813e+001;2.1000189883431094e+002
6.6500999999953478e+001;2.0882873095754780e+002;6.1604804976715023e+001;2.1000189504929062e+002
6.6600999999953956e+001;2.0882872776170322e+002;6.1604631923251510e+001;2.1000189124750369e+002
6.6700999999954433e+001;2.0882872454444265e+002;6.1604459159228540e+001;2.1000188742954859e+002
6.6800999999954911e+001;2.0882872130633029e+002;6.1604286685124613e+001;2.1000188359600315e+002
6.6900999999955388e+001;2.0882871804791125e+002;6.1604114501403529e+001;2.1000187974742553e+002
6.7000999999955866e+001;2.0882871476971263e+002;6.1603942608514842e+001;2.1000187588435560e+002
6.7100999999956343e+001;2.0882871147224347e+002;6.1603771006893986e+001;2.1000187200731435e+002
6.7200999999956821e+001;2.0882870815599628e+002;6.1603599696962952e+001;2.1000186811680598e+002
6.7300999999957298e+001;2.0882870482144753e+002;6.1603428679130282e+001;2.1000186421331787e+002
6.7400999999957776e+001;2.0882870146905748e+002;6.1603257953791392e+001;2.1000186029732095e+002
6.7500999999958253e+001;2.0882869809927195e+002;6.1603087521329186e+001;2.1000185636927097e+002
6.7600999999958731e+001;2.0882869471252204e+002;6.1602917382113880e+001;2.1000185242960876e+002
6.7700999999959208e+001;2.0882869130922529e+002;6.1602747536503649e+001;2.1000184847876076e+002
6.7800999999959686e+001;2.0882868788978578e+002;6.1602577984844764e+001;2.1000184451714003e+002
6.7900999999960163e+001;2.0882868445459468e+002;6.1602408727471605e+001;2.1000184054514582e+002
6.8000999999960641e+001;2.0882868100403124e+002;6.1602239764707406e+001;2.1000183656316520e+002
6.8100999999961118e+001;2.0882867753846256e+002;6.1602071096864016e+001;2.1000183257157263e+002
6.8200999999961596e+001;2.0882867405824462e+002;6.1601902724242272e+001;2.1000182857073133e+002
6.8300999999962073e+001;2.0882867056372248e+002;6.1601734647132353e+001;2.1000182456099276e+002
6.8400999999962551e+001;2.0882866705523057e+002;6.1601566865813851e+001;2.1000182054269763e+002
6.8500999999963028e+001;2.0882866353309342e+002;6.1601399380556039e+001;2.1000181651617632e+002
6.8600999999963506e+001;2.0882865999762592e+002;6.1601232191617953e+001;2.1000181248174914e+002
6.8700999999963983e+001;2.0882865644913329e+002;6.1601065299248823e+001;2.1000180843972655e+002
6.8800999999964461e+001;2.0882865288791214e+002;6.1600898703688003e+001;2.1000180439040994e+002
6.8900999999964938e+001;2.0882864931425024e+002;6.1600732405165274e+001;2.1000180033409140e+002
6.9000999999965416e+001;2.0882864572842738e+002;6.1600566403901105e+001;2.1000179627105479e+002
6.9100999999965893e+001;2.0882864213071505e+002;6.1600400700106555e+001;2.1000179220157543e+002
6.9200999999966371e+001;2.0882863852137731e+002;6.1600235293983758e+001;2.1000178812592083e+002
6.9300999999966848e+001;2.0882863490067081e+002;6.1600070185725770e+001;2.1000178404435070e+002
6.9400999999967325e+001;2.0882863126884493e+002;6.1599905375517018e+001;2.1000177995711726e+002
6.9500999999967803e+001;2.0882862762614241e+002;6.1599740863533221e+001;2.1000177586446588e+002
6.9600999999968280e+001;2.0882862397279951e+002;6.1599576649941625e+001;2.1000177176663487e+002
6.9700999999968758e+001;2.0882862030904596e+002;6.1599412734901300e+001;2.1000176766385601e+002
6.9800999999969235e+001;2.0882861663510559e+002;6.1599249118562824e+001;2.1000176355635466e+002
6.9900999999969713e+001;2.0882861295119622e+002;6.1599085801068860e+001;2.1000175944435006e+002
7.0000999999970190e+001;2.0882860925753033e+002;6.1598922782554141e+001;2.1000175532805574e+002
7.0100999999970668e+001;2.0882860555431449e+002;6.1598760063145583e+001;2.1000175120767923e+002
7.0200999999971145e+001;2.0882860184175075e+002;6.1598597642962403e+001;2.1000174708342300e+002
7.0300999999971623e+001;2.0882859812003562e+002;6.1598435522116091e+001;2.1000174295548399e+002
7.0400999999972100e+001;2.0882859438936086e+002;6.1598273700710813e+001;2.1000173882405383e+002
7.0500999999972578e+001;2.0882859064991356e+002;6.1598112178843323e+001;2.1000173468931959e+002
7.0600999999973055e+001;2.0882858690187652e+002;6.1597950956603206e+001;2.1000173055146357e+002
7.0700999999973533e+001;2.0882858314542815e+002;6.1597790034072773e+001;2.1000172641066345e+002
7.0800999999974010e+001;2.0882857938074267e+002;6.1597629411327340e+001;2.1000172226709256e+002
7.0900999999974488e+001;2.0882857560799027e+002;6.1597469088435325e+001;2.1000171812091997e+002
7.1000999999974965e+001;2.0882857182733710e+002;6.1597309065458241e+001;2.1000171397231045e+002
7.1100999999975443e+001;2.0882856803894597e+002;6.1597149342450841e+001;2.1000170982142521e+002
7.1200999999975920e+001;2.0882856424297600e+002;6.1596989919461215e+001;2.1000170566842155e+002
7.1300999999976398e+001;2.0882856043958276e+002;6.1596830796530917e+001;2.1000170151345299e+002
7.1400999999976875e+001;2.0882855662891836e+002;6.1596671973694974e+001;2.1000169735666944e+002
7.1500999999977353e+001;2.0882855281113191e+002;6.1596513450982052e+001;2.1000169319821751e+002
7.1600999999977830e+001;2.0882854898636941e+002;6.1596355228414453e+001;2.1000168903824058e+002
7.1700999999978308e+001;2.0882854515477393e+002;6.1596197306008243e+001;2.1000168487687884e+002
7.1800999999978785e+001;2.0882854131648523e+002;6.1596039683773355e+001;2.1000168071426896e+002
7.1900999999979263e+001;2.0882853747164080e+002;6.1595882361713684e+001;2.1000167655054514e+002
7.2000999999979740e+001;2.0882853362037525e+002;6.1595725339826991e+001;2.1000167238583879e+002
7.2100999999980218e+001;2.0882852976282069e+002;6.1595568618105183e+001;2.1000166822027808e+002
7.2200999999980695e+001;2.0882852589910635e+002;6.1595412196534305e+001;2.1000166405398852e+002
7.2300999999981173e+001;2.0882852202935953e+002;6.1595256075094554e+001;2.1000165988709347e+002
7.2400999999981650e+001;2.0882851815370498e+002;6.1595100253760542e+001;2.1000165571971340e+002
7.2500999999982128e+001;2.0882851427226512e+002;6.1594944732501091e+001;2.1000165155196638e+002
7.2600999999982605e+001;2.0882851038516023e+002;6.1594789511279501e+001;2.1000164738396825e+002
7.2700999999983082e+001;2.0882850649250867e+002;6.1594634590053545e+001;2.1000164321583250e+002
7.2800999999983560e+001;2.0882850259442660e+002;6.1594479968775502e+001;2.1000163904767049e+002
7.2900999999984037e+001;2.0882849869102822e+002;6.1594325647392324e+001;2.1000163487959134e+002
7.3000999999984515e+001;2.0882849478242582e+002;6.1594171625845597e+001;2.1000163071170209e+002
7.3100999999984992e+001;2.0882849086872986e+002;6.1594017904071514e+001;2.1000162654410784e+002
7.3200999999985470e+001;2.0882848695004898e+002;6.1593864482001244e+001;2.1000162237691174e+002
7.3300999999985947e+001;2.0882848302649023e+002;6.1593711359560707e+001;2.1000161821021499e+002
7.3400999999986425e+001;2.0882847909815879e+002;6.1593558536670741e+001;2.1000161404411705e+002
7.3500999999986902e+001;2.0882847516515830e+002;6.1593406013247112e+001;2.1000160987871544e+002
7.3600999999987380e+001;2.0882847122759117e+002;6.1593253789200645e+001;2.1000160571410643e+002
7.3700999999987857e+001;2.0882846728555759e+002;6.1593101864437195e+001;2.1000160155038390e+002
7.3800999999988335e+001;2.0882846333915685e+002;6.1592950238857725e+001;2.1000159738764063e+002
7.3900999999988812e+001;2.0882845938848672e+002;6.1592798912358354e+001;2.1000159322596775e+002
7.4000999999989290e+001;2.0882845543364334e+002;6.1592647884830491e+001;2.1000158906545477e+002
7.4100999999989767e+001;2.0882845147472159e+002;6.1592497156160711e+001;2.1000158490618952e+002
7.4199999999990240e+001;2.0882844755146391e+002;6.1592348229051993e+001;2.1000158078983137e+002
7.4299999999990717e+001;2.0882844358470393e+002;6.1592198094754160e+001;2.1000157663330586e+002
7.4399999999991195e+001;2.0882843961414201e+002;6.1592048258947806e+001;2.1000157247828307e+002
7.4499999999991672e+001;2.0882843563986822e+002;6.1591898721501124e+001;2.1000156832484552e+002
7.4599999999992150e+001;2.0882843166197122e+002;6.1591749482277933e+001;2.1000156417307446e+002
7.4699999999992627e+001;2.0882842768053877e+002;6.1591600541137517e+001;2.1000156002304979e+002
7.4799999999993105e+001;2.0882842369565742e+002;6.1591451897934867e+001;2.1000155587485025e+002
7.4899999999993582e+001;2.0882841970741273e+002;6.1591303552520529e+001;2.1000155172855349e+002
7.4999999999994060e+001;2.0882841571588921e+002;6.1591155504740762e+001;2.1000154758423568e+002
7.5099999999994537e+001;2.0882841172117023e+002;6.1591007754437634e+001;2.1000154344197222e+002
7.5199999999995015e+001;2.0882840772333850e+002;6.1590860301448927e+001;2.1000153930183728e+002
7.5299999999995492e+001;2.0882840372247557e+002;6.1590713145608198e+001;2.1000153516390392e+002
7.5399999999995970e+001;2.0882839971866181e+002;6.1590566286745002e+001;2.1000153102824399e+002
7.5499999999996447e+001;2.0882839571197724e+002;6.1590419724684658e+001;2.1000152689492879e+002
7.5599999999996925e+001;2.0882839170250034e+002;6.1590273459248543e+001;2.1000152276402792e+002
7.5699999999997402e+001;2.0882838769030934e+002;6.1590127490253970e+001;2.1000151863561058e+002
7.5799999999997880e+001;2.0882838367548115e+002;6.1589981817514342e+001;2.1000151450974477e+002
7.5899999999998357e+001;2.0882837965809225e+002;6.1589836440839065e+001;2.1000151038649761e+002
7.5999999999998835e+001;2.0882837563821798e+002;6.1589691360033505e+001;2.1000150626593523e+002
7.6099999999999312e+001;2.0882837161593315e+002;6.1589546574899515e+001;2.1000150214812302e+002
7.6199999999999790e+001;2.0882836759131177e+002;6.1589402085234951e+001;2.1000149803312533e+002
7.6300000000000267e+001;2.0882836356442687e+002;6.1589257890833814e+001;2.1000149392100590e+002
7.6400000000000745e+001;2.0882835953535090e+002;6.1589113991486535e+001;2.1000148981182707e+002
7.6500000000001222e+001;2.0882835550415570e+002;6.1588970386979696e+001;2.1000148570565102e+002
7.6600000000001700e+001;2.0882835147091234e+002;6.1588827077096269e+001;2.1000148160253880e+002
7.6700000000002177e+001;2.0882834743569100e+002;6.1588684061615638e+001;2.1000147750255064e+002
7.6800000000002655e+001;2.0882834339856146e+002;6.1588541340313476e+001;2.1000147340574620e+002
7.6900000000003132e+001;2.0882833935959289e+002;6.1588398912962077e+001;2.1000146931218413e+002
7.7000000000003610e+001;2.0882833531885348e+002;6.1588256779330095e+001;2.1000146522192242e+002
7.7100000000004087e+001;2.0882833127641106e+002;6.1588114939182702e+001;2.1000146113501859e+002
7.7200000000004565e+001;2.0882832723233255e+002;6.1587973392281668e+001;2.1000145705152889e+002
7.7300000000005042e+001;2.0882832318668480e+002;6.1587832138385224e+001;2.1000145297150948e+002
7.7400000000005519e+001;2.0882831913953336e+002;6.1587691177248345e+001;2.1000144889501524e+002
7.7500000000005997e+001;2.0882831509094385e+002;6.1587550508622684e+001;2.1000144482210098e+002
7.7600000000006474e+001;2.0882831104098091e+002;6.1587410132256487e+001;2.1000144075282034e+002
7.7700000000006952e+001;2.0882830698970889e+002;6.1587270047894748e+001;2.1000143668722671e+002
7.7800000000007429e+001;2.0882830293719121e+002;6.1587130255279192e+001;2.1000143262537239e+002
7.7900000000007907e+001;2.0882829888349119e+002;6.1586990754148282e+001;2.1000142856730952e+002
7.8000000000008384e+001;2.0882829482867120e+002;6.1586851544237376e+001;2.1000142451308915e+002
7.8100000000008862e+001;2.0882829077279311e+002;6.1586712625278722e+001;2.1000142046276187e+002
7.8200000000009339e+001;2.0882828671591872e+002;6.1586573997001352e+001;2.1000141641637796e+002
7.8300000000009817e+001;2.0882828265810886e+002;6.1586435659131325e+001;2.1000141237398674e+002
7.8400000000010294e+001;2.0882827859942427e+002;6.1586297611391430e+001;2.1000140833563728e+002
7.8500000000010772e+001;2.0882827453992448e+002;6.1586159853501648e+001;2.1000140430137748e+002
7.8600000000011249e+001;2.0882827047966921e+002;6.1586022385178907e+001;2.1000140027125528e+002
7.8700000000011727e+001;2.0882826641871759e+002;6.1585885206137085e+001;2.1000139624531784e+002
7.8800000000012204e+001;2.0882826235712790e+002;6.1585748316087269e+001;2.1000139222361167e+002
7.8900000000012682e+001;2.0882825829495872e+002;6.1585611714737567e+001;2.1000138820618318e+002
7.9000000000013159e+001;2.0882825423226708e+002;6.1585475401793111e+001;2.1000138419307743e+002
7.9100000000013637e+001;2.0882825016911039e+002;6.1585339376956298e+001;2.1000138018433964e+002
7.9200000000014114e+001;2.0882824610554536e+002;6.1585203639926767e+001;2.1000137618001406e+002
7.9300000000014592e+001;2.0882824204162813e+002;6.1585068190401252e+001;2.1000137218014484e+002
7.9400000000015069e+001;2.0882823797741463e+002;6.1584933028073863e+001;2.1000136818477529e+002
7.9500000000015547e+001;2.0882823391296023e+002;6.1584798152635834e+001;2.1000136419394846e+002
7.9600000000016024e+001;2.0882822984831986e+002;6.1584663563775806e+001;2.1000136020770660e+002
7.9700000000016502e+001;2.0882822578354796e+002;6.1584529261179753e+001;2.1000135622609167e+002
7.9800000000016979e+001;2.0882822171869884e+002;6.1584395244530960e+001;2.1000135224914519e+002
7.9900000000017457e+001;2.0882821765382590e+002;6.1584261513510064e+001;2.1000134827690792e+002
8.0000000000017934e+001;2.0882821358898281e+002;6.1584128067795248e+001;2.1000134430942072e+002
8.0100000000018412e+001;2.0882820952422219e+002;6.1583994907062014e+001;2.1000134034672325e+002
8.0200000000018889e+001;2.0882820545959660e+002;6.1583862030983383e+001;2.1000133638885521e+002
8.0300000000019367e+001;2.0882820139515809e+002;6.1583729439229884e+001;2.1000133243585563e+002
8.0400000000019844e+001;2.0882819733095803e+002;6.1583597131469631e+001;2.1000132848776283e+002
8.0500000000020322e+001;2.0882819326704848e+002;6.1583465107368198e+001;2.1000132454461558e+002
8.0600000000020799e+001;2.0882818920347978e+002;6.1583333366588704e+001;2.1000132060645123e+002
8.0700000000021276e+001;2.0882818514030254e+002;6.1583201908791985e+001;2.1000131667330706e+002
8.0800000000021754e+001;2.0882818107756700e+002;6.1583070733636390e+001;2.1000131274522002e+002
8.0900000000022231e+001;2.0882817701532286e+002;6.1582939840778103e+001;2.1000130882222646e+002
8.1000000000022709e+001;2.0882817295361986e+002;6.1582809229870833e+001;2.1000130490436257e+002
8.1100000000023186e+001;2.0882816889250657e+002;6.1582678900565988e+001;2.1000130099166353e+002
8.1200000000023664e+001;2.0882816483203177e+002;6.1582548852512915e+001;2.1000129708416461e+002
8.1300000000024141e+001;2.0882816077224390e+002;6.1582419085358524e+001;2.1000129318190054e+002
8.1400000000024619e+001;2.0882815671319085e+002;6.1582289598747636e+001;2.1000128928490565e+002
8.1500000000025096e+001;2.0882815265492019e+002;6.1582160392322834e+001;2.1000128539321381e+002
8.1600000000025574e+001;2.0882814859747953e+002;6.1582031465724505e+001;2.1000128150685876e+002
8.1700000000026051e+001;2.0882814454091525e+002;6.1581902818590841e+001;2.1000127762587323e+002
8.1800000000026529e+001;2.0882814048527413e+002;6.1581774450558143e+001;2.1000127375029004e+002
8.1900000000027006e+001;2.0882813643060234e+002;6.1581646361260468e+001;2.1000126988014136e+002
8.2000000000027484e+001;2.0882813237694583e+002;6.1581518550329911e+001;2.1000126601545932e+002
8.2100000000027961e+001;2.0882812832435002e+002;6.1581391017396356e+001;2.1000126215627535e+002
8.2200000000028439e+001;2.0882812427286015e+002;6.1581263762087829e+001;2.1000125830262047e+002
8.2300000000028916e+001;2.0882812022252114e+002;6.1581136784030356e+001;2.1000125445452568e+002
8.2400000000029394e+001;2.0882811617337745e+002;6.1581010082847868e+001;2.1000125061202115e+002
8.2500000000029871e+001;2.0882811212547324e+002;6.1580883658162477e+001;2.1000124677513688e+002
8.2600000000030349e+001;2.0882810807885244e+002;6.1580757509594413e+001;2.1000124294390255e+002
8.2700000000030826e+001;2.0882810403355853e+002;6.1580631636761893e+001;2.1000123911834737e+002
8.2800000000031304e+001;2.0882809998963469e+002;6.1580506039281296e+001;2.1000123529850023e+002
8.2900000000031781e+001;2.0882809594712396e+002;6.1580380716767330e+001;2.1000123148438962e+002
8.3000000000032259e+001;2.0882809190606898e+002;6.1580255668832535e+001;2.1000122767604398e+002
8.3100000000032736e+001;2.0882808786651188e+002;6.1580130895087827e+001;2.1000122387349089e+002
8.3200000000033214e+001;2.0882808382849464e+002;6.1580006395142490e+001;2.1000122007675787e+002
8.3300000000033691e+001;2.0882807979205884e+002;6.1579882168603795e+001;2.1000121628587189e+002
8.3400000000034169e+001;2.0882807575724590e+002;6.1579758215077476e+001;2.1000121250085982e+002
8.3500000000034646e+001;2.0882807172409659e+002;6.1579634534167454e+001;2.1000120872174790e+002
8.3600000000035124e+001;2.0882806769265207e+002;6.1579511125476074e+001;2.1000120494856245e+002
8.3700000000035601e+001;2.0882806366295247e+002;6.1579387988603877e+001;2.1000120118132909e+002
8.3800000000036079e+001;2.0882805963503790e+002;6.1579265123149767e+001;2.1000119742007317e+002
8.3900000000036556e+001;2.0882805560894815e+002;6.1579142528711117e+001;2.1000119366481968e+002
8.4000000000037033e+001;2.0882805158472286e+002;6.1579020204883591e+001;2.1000118991559347e+002
8.4100000000037511e+001;2.0882804756240108e+002;6.1578898151261342e+001;2.1000118617241878e+002
8.4200000000037988e+001;2.0882804354202179e+002;6.1578776367437030e+001;2.1000118243531975e+002
8.4300000000038466e+001;2.0882803952362352e+002;6.1578654853001638e+001;2.1000117870432001e+002
8.4400000000038943e+001;2.0882803550724492e+002;6.1578533607544642e+001;2.1000117497944328e+002
8.4500000000039421e+001;2.0882803149292383e+002;6.1578412630654185e+001;2.1000117126071231e+002
8.4600000000039898e+001;2.0882802748069784e+002;6.1578291921916673e+001;2.1000116754814991e+002
8.4700000000040376e+001;2.0882802347060453e+002;6.1578171480917327e+001;2.1000116384177861e+002
8.4800000000040853e+001;2.0882801946268114e+002;6.1578051307239818e+001;2.1000116014162052e+002
8.4900000000041331e+001;2.0882801545696444e+002;6.1577931400466312e+001;2.1000115644769738e+002
8.5000000000041808e+001;2.0882801145349114e+002;6.1577811760177724e+001;2.1000115276003075e+002
8.5100000000042286e+001;2.0882800745229750e+002;6.1577692385953611e+001;2.1000114907864184e+002
8.5200000000042763e+001;2.0882800345341957e+002;6.1577573277371968e+001;2.1000114540355148e+002
8.5300000000043241e+001;2.0882799945689314e+002;6.1577454434009724e+001;2.1000114173478039e+002
8.5400000000043718e+001;2.0882799546275368e+002;6.1577335855442286e+001;2.1000113807234871e+002
8.5500000000044196e+001;2.0882799147103646e+002;6.1577217541243954e+001;2.1000113441627650e+002
8.5600000000044673e+001;2.0882798748177635e+002;6.1577099490987536e+001;2.1000113076658337e+002
8.5700000000045151e+001;2.0882798349500803e+002;6.1576981704244780e+001;2.1000112712328882e+002
8.5800000000045628e+001;2.0882797951076580e+002;6.1576864180586114e+001;2.1000112348641184e+002
8.5900000000046106e+001;2.0882797552908437e+002;6.1576746919580664e+001;2.1000111985597161e+002
8.6000000000046583e+001;2.0882797154999705e+002;6.1576629920796535e+001;2.1000111623198626e+002
8.6100000000047061e+001;2.0882796757353751e+002;6.1576513183800387e+001;2.1000111261447415e+002
8.6200000000047538e+001;2.0882796359973898e+002;6.1576396708158114e+001;2.1000110900345311e+002
8.6300000000048016e+001;2.0882795962863480e+002;6.1576280493434204e+001;2.1000110539894095e+002
8.6400000000048493e+001;2.0882795566025769e+002;6.1576164539191929e+001;2.1000110180095498e+002
8.6500000000048971e+001;2.0882795169464009e+002;6.1576048844993785e+001;2.1000109820951235e+002
8.6600000000049448e+001;2.0882794773181436e+002;6.1575933410400914e+001;2.1000109462462987e+002
8.6700000000049926e+001;2.0882794377181267e+002;6.1575818234973475e+001;2.1000109104632423e+002
8.6800000000050403e+001;2.0882793981466671e+002;6.1575703318270477e+001;2.1000108747461161e+002
8.6900000000050881e+001;2.0882793586040785e+002;6.1575588659850020e+001;2.1000108390950794e+002
8.7000000000051358e+001;2.0882793190906742e+002;6.1575474259269257e+001;2.1000108035102897e+002
8.7100000000051836e+001;2.0882792796067656e+002;6.1575360116084170e+001;2.1000107679919032e+002
8.7200000000052313e+001;2.0882792401526598e+002;6.1575246229849846e+001;2.1000107325400705e+002
8.7300000000052790e+001;2.0882792007286605e+002;6.1575132600120433e+001;2.1000106971549411e+002
8.7400000000053268e+001;2.0882791613350722e+002;6.1575019226449015e+001;2.1000106618366627e+002
8.7500000000053745e+001;2.0882791219721938e+002;6.1574906108387914e+001;2.1000106265853790e+002
8.7600000000054223e+001;2.0882790826403203e+002;6.1574793245488472e+001;2.1000105914012283e+002
8.7700000000054700e+001;2.0882790433397548e+002;6.1574680637301114e+001;2.1000105562843578e+002
8.7800000000055178e+001;2.0882790040707843e+002;6.1574568283375342e+001;2.1000105212348984e+002
8.7900000000055655e+001;2.0882789648337010e+002;6.1574456183259862e+001;2.1000104862529852e+002
8.8000000000056133e+001;2.0882789256287916e+002;6.1574344336502563e+001;2.1000104513387495e+002
8.8100000000056610e+001;2.0882788864563412e+002;6.1574232742650352e+001;2.1000104164923189e+002
8.8200000000057088e+001;2.0882788473166352e+002;6.1574121401249606e+001;2.1000103817138222e+002
8.8300000000057565e+001;2.0882788082099532e+002;6.1574010311845640e+001;2.1000103470033829e+002
8.8400000000058043e+001;2.0882787691365729e+002;6.1573899473983133e+001;2.1000103123611214e+002
8.8500000000058520e+001;2.0882787300967718e+002;6.1573788887206014e+001;2.1000102777871584e+002
8.8600000000058998e+001;2.0882786910908223e+002;6.1573678551057284e+001;2.1000102432816087e+002
8.8700000000059475e+001;2.0882786521189985e+002;6.1573568465079425e+001;2.1000102088445900e+002
8.8800000000059953e+001;2.0882786131815675e+002;6.1573458628814045e+001;2.1000101744762117e+002
8.8900000000060430e+001;2.0882785742787951e+002;6.1573349041802196e+001;2.1000101401765841e+002
8.9000000000060908e+001;2.0882785354109464e+002;6.1573239703584193e+001;2.1000101059458123e+002
8.9100000000061385e+001;2.0882784965782852e+002;6.1573130613699689e+001;2.1000100717840047e+002
8.9200000000061863e+001;2.0882784577810713e+002;6.1573021771687550e+001;2.1000100376912633e+002
8.9300000000062340e+001;2.0882784190195599e+002;6.1572913177086171e+001;2.1000100036676866e+002
8.9400000000062818e+001;2.0882783802940091e+002;6.1572804829433259e+001;2.1000099697133749e+002
8.9500000000063295e+001;2.0882783416046715e+002;6.1572696728265804e+001;2.1000099358284226e+002
8.9600000000063773e+001;2.0882783029517969e+002;6.1572588873120480e+001;2.1000099020129235e+002
8.9700000000064250e+001;2.0882782643356347e+002;6.1572481263533184e+001;2.1000098682669682e+002
8.9800000000064728e+001;2.0882782257564352e+002;6.1572373899039171e+001;2.1000098345906505e+002
8.9900000000065205e+001;2.0882781872144383e+002;6.1572266779173354e+001;2.1000098009840525e+002
9.0000000000065683e+001;2.0882781487098882e+002;6.1572159903469924e+001;2.1000097674472613e+002
9.0100000000066160e+001;2.0882781102430243e+002;6.1572053271462600e+001;2.1000097339803574e+002
9.0200000000066638e+001;2.0882780718140856e+002;6.1571946882684657e+001;2.1000097005834238e+002
9.0300000000067115e+001;2.0882780334233058e+002;6.1571840736668797e+001;2.1000096672565371e+002
9.0400000000067593e+001;2.0882779950709218e+002;6.1571734832947435e+001;2.1000096339997751e+002
9.0500000000068070e+001;2.0882779567571637e+002;6.1571629171052130e+001;2.1000096008132115e+002
9.0600000000068547e+001;2.0882779184822601e+002;6.1571523750514352e+001;2.1000095676969175e+002
9.0700000000069025e+001;2.0882778802464389e+002;6.1571418570865106e+001;2.1000095346509636e+002
9.0800000000069502e+001;2.0882778420499258e+002;6.1571313631634702e+001;2.1000095016754182e+002
9.0900000000069980e+001;2.0882778038929442e+002;6.1571208932353215e+001;2.1000094687703466e+002
9.1000000000070457e+001;2.0882777657757180e+002;6.1571104472550275e+001;2.1000094359358170e+002
9.1100000000070935e+001;2.0882777276984618e+002;6.1571000251755166e+001;2.1000094031718857e+002
9.1200000000071412e+001;2.0882776896613942e+002;6.1570896269496892e+001;2.1000093704786130e+002
9.1300000000071890e+001;2.0882776516647303e+002;6.1570792525303908e+001;2.1000093378560592e+002
9.1400000000072367e+001;2.0882776137086836e+002;6.1570689018704414e+001;2.1000093053042801e+002
9.1500000000072845e+001;2.0882775757934650e+002;6.1570585749226339e+001;2.1000092728233287e+002
9.1600000000073322e+001;2.0882775379192830e+002;6.1570482716397130e+001;2.1000092404132565e+002
9.1700000000073800e+001;2.0882775000863452e+002;6.1570379919744056e+001;2.1000092080741155e+002
9.1800000000074277e+001;2.0882774622948571e+002;6.1570277358794087e+001;2.1000091758059529e+002
9.1900000000074755e+001;2.0882774245450216e+002;6.1570175033073845e+001;2.1000091436088161e+002
9.2000000000075232e+001;2.0882773868370404e+002;6.1570072942109675e+001;2.1000091114827498e+002
9.2100000000075710e+001;2.0882773491711123e+002;6.1569971085427639e+001;2.1000090794277949e+002
9.2200000000076187e+001;2.0882773115474345e+002;6.1569869462553712e+001;2.1000090474439943e+002
9.2300000000076665e+001;2.0882772739662039e+002;6.1569768073013421e+001;2.1000090155313873e+002
9.2400000000077142e+001;2.0882772364276153e+002;6.1569666916332103e+001;2.1000089836900119e+002
9.2500000000077620e+001;2.0882771989318562e+002;6.1569565992034995e+001;2.1000089519199011e+002
9.2600000000078097e+001;2.0882771614791181e+002;6.1569465299647078e+001;2.1000089202210890e+002
9.2700000000078575e+001;2.0882771240695888e+002;6.1569364838693190e+001;2.1000088885936066e+002
9.2800000000079052e+001;2.0882770867034549e+002;6.1569264608697921e+001;2.1000088570374857e+002
9.2900000000079530e+001;2.0882770493809005e+002;6.1569164609185684e+001;2.1000088255527550e+002
9.3000000000080007e+001;2.0882770121021071e+002;6.1569064839680834e+001;2.1000087941394401e+002
9.3100000000080485e+001;2.0882769748672575e+002;6.1568965299707529e+001;2.1000087627975674e+002
9.3200000000080962e+001;2.0882769376765282e+002;6.1568865988789746e+001;2.1000087315271588e+002
9.3300000000081440e+001;2.0882769005300963e+002;6.1568766906451394e+001;2.1000087003282354e+002
9.3400000000081917e+001;2.0882768634281368e+002;6.1568668052216232e+001;2.1000086692008179e+002
9.3500000000082395e+001;2.0882768263708246e+002;6.1568569425607976e+001;2.1000086381449253e+002
9.3600000000082872e+001;2.0882767893583303e+002;6.1568471026150185e+001;2.1000086071605736e+002
9.3700000000083350e+001;2.0882767523908228e+002;6.1568372853366270e+001;2.1000085762477775e+002
9.3800000000083827e+001;2.0882767154684709e+002;6.1568274906779884e+001;2.1000085454065496e+002
9.3900000000084304e+001;2.0882766785914382e+002;6.1568177185914330e+001;2.1000085146369017e+002
9.4000000000084782e+001;2.0882766417598950e+002;6.1568079690292976e+001;2.1000084839388467e+002
9.4100000000085259e+001;2.0882766049740010e+002;6.1567982419439076e+001;2.1000084533123913e+002
9.4200000000085737e+001;2.0882765682339178e+002;6.1567885372875807e+001;2.1000084227575434e+002
9.4300000000086214e+001;2.0882765315398024e+002;6.1567788550126586e+001;2.1000083922743059e+002
9.4400000000086692e+001;2.0882764948918143e+002;6.1567691950714604e+001;2.1000083618626854e+002
9.4500000000087169e+001;2.0882764582901089e+002;6.1567595574163086e+001;2.1000083315226817e+002
9.4600000000087647e+001;2.0882764217348407e+002;6.1567499419995343e+001;2.1000083012542976e+002
9.4700000000088124e+001;2.0882763852261624e+002;6.1567403487734637e+001;2.1000082710575319e+002
9.4800000000088602e+001;2.0882763487642245e+002;6.1567307776904336e+001;2.1000082409323821e+002
9.4900000000089079e+001;2.0882763123491770e+002;6.1567212287027772e+001;2.1000082108788456e+002
9.5000000000089557e+001;2.0882762759811666e+002;6.1567117017628355e+001;2.1000081808969165e+002
9.5100000000090034e+001;2.0882762396603408e+002;6.1567021968229632e+001;2.1000081509865882e+002
9.5200000000090512e+001;2.0882762033868423e+002;6.1566927138355076e+001;2.1000081211478525e+002
9.5300000000090989e+001;2.0882761671608139e+002;6.1566832527528362e+001;2.1000080913807011e+002
9.5400000000091467e+001;2.0882761309823985e+002;6.1566738135273170e+001;2.1000080616851224e+002
9.5500000000091944e+001;2.0882760948517347e+002;6.1566643961113293e+001;2.1000080320611039e+002
9.5600000000092422e+001;2.0882760587689594e+002;6.1566550004572775e+001;2.1000080025086322e+002
9.5700000000092899e+001;2.0882760227342101e+002;6.1566456265175596e+001;2.1000079730276929e+002
9.5800000000093377e+001;2.0882759867476219e+002;6.1566362742445918e+001;2.1000079436182688e+002
9.5900000000093854e+001;2.0882759508093315e+002;6.1566269435907991e+001;2.1000079142803469e+002
9.6000000000094332e+001;2.0882759149194675e+002;6.1566176345086156e+001;2.1000078850139030e+002
9.6100000000094809e+001;2.0882758790781583e+002;6.1566083469505116e+001;2.1000078558189173e+002
9.6200000000095287e+001;2.0882758432855337e+002;6.1565990808689605e+001;2.1000078266953687e+002
9.6300000000095764e+001;2.0882758075417206e+002;6.1565898362164567e+001;2.1000077976432328e+002
9.6400000000096242e+001;2.0882757718468463e+002;6.1565806129455098e+001;2.1000077686624880e+002
9.6500000000096719e+001;2.0882757362010324e+002;6.1565714110086475e+001;2.1000077397531052e+002
9.6600000000097197e+001;2.0882757006044031e+002;6.1565622303584249e+001;2.1000077109150601e+002
9.6700000000097674e+001;2.0882756650570803e+002;6.1565530709474004e+001;2.1000076821483245e+002
9.6800000000098152e+001;2.0882756295591830e+002;6.1565439327281673e+001;2.1000076534528682e+002
9.6900000000098629e+001;2.0882755941108292e+002;6.1565348156533368e+001;2.1000076248286609e+002
9.7000000000099107e+001;2.0882755587121358e+002;6.1565257196755248e+001;2.1000075962756713e+002
9.7100000000099584e+001;2.0882755233632204e+002;6.1565166447474105e+001;2.1000075677938668e+002
9.7200000000100061e+001;2.0882754880641946e+002;6.1565075908216599e+001;2.1000075393832125e+002
9.7300000000100539e+001;2.0882754528151705e+002;6.1564985578509834e+001;2.1000075110436717e+002
9.7400000000101016e+001;2.0882754176162598e+002;6.1564895457881100e+001;2.1000074827752093e+002
9.7500000000101494e+001;2.0882753824675737e+002;6.1564805545857979e+001;2.1000074545777881e+002
9.7600000000101971e+001;2.0882753473692185e+002;6.1564715841968273e+001;2.1000074264513677e+002
9.7700000000102449e+001;2.0882753123213018e+002;6.1564626345740066e+001;2.1000073983959081e+002
9.7800000000102926e+001;2.0882752773239289e+002;6.1564537056701916e+001;2.1000073704113686e+002
9.7900000000103404e+001;2.0882752423772050e+002;6.1564447974382382e+001;2.1000073424977066e+002
9.8000000000103881e+001;2.0882752074812313e+002;6.1564359098310554e+001;2.1000073146548792e+002
9.8100000000104359e+001;2.0882751726361090e+002;6.1564270428015696e+001;2.1000072868828400e+002
9.8200000000104836e+001;2.0882751378419397e+002;6.1564181963027472e+001;2.1000072591815444e+002
9.8300000000105314e+001;2.0882751030988226e+002;6.1564093702875837e+001;2.1000072315509473e+002
9.8400000000105791e+001;2.0882750684068566e+002;6.1564005647091001e+001;2.1000072039910017e+002
9.8500000000106269e+001;2.0882750337661327e+002;6.1563917795203558e+001;2.1000071765016557e+002
9.8600000000106746e+001;2.0882749991767483e+002;6.1563830146744493e+001;2.1000071490828586e+002
9.8700000000107224e+001;2.0882749646387967e+002;6.1563742701245161e+001;2.1000071217345609e+002
9.8800000000107701e+001;2.0882749301523700e+002;6.1563655458237122e+001;2.1000070944567108e+002
9.8900000000108179e+001;2.0882748957175576e+002;6.1563568417252533e+001;2.1000070672492535e+002
9.9000000000108656e+001;2.0882748613344512e+002;6.1563481577823694e+001;2.1000070401121360e+002
9.9100000000109134e+001;2.0882748270031379e+002;6.1563394939483459e+001;2.1000070130453039e+002
9.9200000000109611e+001;2.0882747927237054e+002;6.1563308501764922e+001;2.1000069860487008e+002
9.9300000000110089e+001;2.0882747584962399e+002;6.1563222264201620e+001;2.1000069591222697e+002
9.9400000000110566e+001;2.0882747243208257e+002;6.1563136226327529e+001;2.1000069322659527e+002
9.9500000000111044e+001;2.0882746901975452e+002;6.1563050387676952e+001;2.1000069054796899e+002
9.9600000000111521e+001;2.0882746561264807e+002;6.1562964747784619e+001;2.1000068787634225e+002
9.9700000000111999e+001;2.0882746221077147e+002;6.1562879306185650e+001;2.1000068521170894e+002
9.9800000000112476e+001;2.0882745881413246e+002;6.1562794062415655e+001;2.1000068255406276e+002
9.9900000000112954e+001;2.0882745542273895e+002;6.1562709016010608e+001;2.1000067990339750e+002
1.0000000000011343e+002;2.0882745203659869e+002;6.1562624166507021e+001;2.1000067725970680e+002
